TIMU,CHAODAI,ZUOZHE,NEIRONG,YIWEN,ZZJIANJIE
击壤歌,先秦,佚名,日出而作，日入而息。#凿井而饮，耕田而食。#帝力于我何有哉！,太阳出来就去耕作田地，太阳落山就回家去休息。凿一眼井就可以有水喝，种出庄稼就不会饿肚皮。这样的日子有何不自在，谁还去羡慕帝王的权力。,N/A
关雎,先秦,佚名,关关雎鸠，在河之洲。#窈窕淑女，君子好逑。#参差荇菜，左右流之。#窈窕淑女，寤寐求之。#求之不得，寤寐思服。#悠哉悠哉，辗转反侧。#参差荇菜，左右采之。#窈窕淑女，琴瑟友之。#参差荇菜，左右芼之。#窈窕淑女，钟鼓乐之。,关关和鸣的雎鸠，相伴在河中的小洲。那美丽贤淑的女子，是君子的好配偶。参差不齐的荇菜，从左到右去捞它。那美丽贤淑的女子，醒来睡去都想追求她。追求却没法得到，白天黑夜便总思念她。长长的思念哟，叫人翻来覆去难睡下。参差不齐的荇菜，从左到右去采它。那美丽贤淑的女子，奏起琴瑟来亲近她。参差不齐的荇菜，从左到右去拔它。那美丽贤淑的女子，敲起钟鼓来取悦她。,N/A
国风·卫风·木瓜,先秦,佚名,投我以木瓜，报之以琼琚。#匪报也，永以为好也！#投我以木桃，报之以琼瑶。#匪报也，永以为好也！#投我以木李，报之以琼玖。#匪报也，永以为好也！,你将木瓜投赠我，我拿琼琚作回报。不是为了答谢你，珍重情意永相好。,N/A
桃夭,先秦,佚名,桃之夭夭，灼灼其华。#之子于归，宜其室家。#桃之夭夭，有蕡其实。#之子于归，宜其家室。#桃之夭夭，其叶蓁蓁。#之子于归，宜其家人。,桃花怒放千万朵，色彩鲜艳红似火。这位姑娘要出嫁，喜气洋洋归夫家。桃花怒放千万朵，果实累累大又多。这位姑娘要出嫁，早生贵子后嗣旺。桃花怒放千万朵，绿叶茂盛永不落。这位姑娘要出嫁，齐心协手家和睦。,N/A
蒹葭,先秦,佚名,蒹葭苍苍，白露为霜。#所谓伊人，在水一方。#溯洄从之，道阻且长。#溯游从之，宛在水中央。#蒹葭萋萋，白露未晞。#所谓伊人，在水之湄。#溯洄从之，道阻且跻。#溯游从之，宛在水中坻。#蒹葭采采，白露未已。#所谓伊人，在水之涘。#溯洄从之，道阻且右。#溯游从之，宛在水中沚。,河边芦苇青苍苍，秋深露水结成霜。意中之人在何处？就在河水那一方。逆着流水去找她，道路险阻又太长。顺着流水去找她，仿佛在那水中央。河边芦苇密又繁，清晨露水未曾干。意中之人在何处?就在河岸那一边。逆着流水去找她，道路险阻攀登难。顺着流水去找她，仿佛就在水中滩。河边芦苇密稠稠，早晨露水未全收。意中之人在何处?就在水边那一头。逆着流水去找她，道路险阻曲难求。顺着流水去找她，仿佛就在水中洲。,N/A
无衣,先秦,佚名,岂曰无衣？#七兮。#不如子之衣，安且吉兮。#岂曰无衣？#六兮。#不如子之衣，安且燠兮。,难道说我没衣服穿？我的衣服有七件。但都不如你亲手做的，既舒适又美观。难道说我没衣服穿？我的衣服有六件。但都不如你亲手做的，既舒适又温暖。,N/A
国风·卫风·河广,先秦,佚名,谁谓河广？#一苇杭之。#谁谓宋远？#跂予望之。#谁谓河广？#曾不容刀。#谁谓宋远？#曾不崇朝。,谁说黄河宽又广？一片苇筏就能航。谁说宋国很遥远？踮起脚尖就能望见。谁说黄河广又宽？难以容纳小木船。谁说宋国很遥远？一个早晨就能到达。,N/A
采薇,先秦,佚名,采薇采薇，薇亦作止。#曰归曰归，岁亦莫止。#靡室靡家，猃狁之故。#不遑启居，猃狁之故。#采薇采薇，薇亦柔止。#曰归曰归，心亦忧止。#忧心烈烈，载饥载渴。#我戍未定，靡使归聘。#采薇采薇，薇亦刚止。#曰归曰归，岁亦阳止。#王事靡盬，不遑启处。#忧心孔疚，我行不来！#彼尔维何？#维常之华。#彼路斯何？#君子之车。#戎车既驾，四牡业业。#岂敢定居？#一月三捷。#驾彼四牡，四牡骙骙。#君子所依，小人所腓。#四牡翼翼，象弭鱼服。#岂不日戒？#猃狁孔棘！#昔我往矣，杨柳依依。#今我来思，雨雪霏霏。#行道迟迟，载渴载饥。#我心伤悲，莫知我哀！,N/A,N/A
国风·魏风·硕鼠,先秦,佚名,硕鼠硕鼠，无食我黍！#三岁贯女，莫我肯顾。#逝将去女，适彼乐土。#乐土乐土，爰得我所。#硕鼠硕鼠，无食我麦！#三岁贯女，莫我肯德。#逝将去女，适彼乐国。#乐国乐国，爰得我直。#硕鼠硕鼠，无食我苗！#三岁贯女，莫我肯劳。#逝将去女，适彼乐郊。#乐郊乐郊，谁之永号？,大田鼠呀大田鼠，不许吃我种的黍！多年辛勤伺候你，你却对我不照顾。发誓定要摆脱你，去那乐土有幸福。那乐土啊那乐土，才是我的好去处！大田鼠呀大田鼠，不许吃我种的麦！多年辛勤伺候你，你却对我不优待。发誓定要摆脱你，去那乐国有仁爱。那乐国啊那乐国，才是我的好所在！大田鼠呀大田鼠，不许吃我种的苗！多年辛勤伺候你，你却对我不慰劳！发誓定要摆脱你，去那乐郊有欢笑。那乐郊啊那乐郊，谁还悲叹长呼号！,N/A
伐檀,先秦,佚名,坎坎伐檀兮，置之河之干兮。#河水清且涟猗。#不稼不穑，胡取禾三百廛兮？#不狩不猎，胡瞻尔庭有县貆兮？#彼君子兮，不素餐兮！#坎坎伐辐兮，置之河之侧兮。#河水清且直猗。#不稼不穑，胡取禾三百亿兮？#不狩不猎，胡瞻尔庭有县特兮？#彼君子兮，不素食兮！#坎坎伐轮兮，置之河之漘兮。#河水清且沦猗。#不稼不穑，胡取禾三百囷兮？#不狩不猎，胡瞻尔庭有县鹑兮？#彼君子兮，不素飧兮！,砍伐檀树声坎坎啊，棵棵放倒堆河边啊，河水清清微波转哟。不播种来不收割，为何三百捆禾往家搬啊？不冬狩来不夜猎，为何见你庭院猪獾悬啊？那些老爷君子啊，不会白吃闲饭啊！砍下檀树做车辐啊，放在河边堆一处啊。河水清清直流注哟。不播种来不收割，为何三百捆禾要独取啊？不冬狩来不夜猎，为何见你庭院兽悬柱啊？那些老爷君子啊，不会白吃饱腹啊！砍下檀树做车轮啊，棵棵放倒河边屯啊。河水清清起波纹啊。不播种来不收割，为何三百捆禾要独吞啊？不冬狩来不夜猎，为何见你庭院挂鹌鹑啊？那些老爷君子啊，可不白吃腥荤啊！,N/A
国风·鄘风·相鼠,先秦,佚名,相鼠有皮，人而无仪！#人而无仪，不死何为？#相鼠有齿，人而无止！#人而无止，不死何俟？#相鼠有体，人而无礼，人而无礼！#胡不遄死？,你看这黄鼠还有皮，人咋会不要脸面。人若不要脸面，还不如死了算啦。你看这黄鼠还有牙齿，人却不顾德行。人要没有德行，不去死还等什么。你看这黄鼠还有肢体，人却不知礼义。人要不知礼义，还不如快快死去。,N/A
易水歌,先秦,佚名,风萧萧兮易水寒，壮士一去兮不复还。#探虎穴兮入蛟宫，仰天呼气兮成白虹。,风萧萧地响把易水岸边吹得很冷，壮士荆轲去了就再也不回来了。刺杀秦王就像是到虎穴到龙宫一样危险啊，但是我们的英雄英勇的气概，连仰天吐气都能形成白虹。,N/A
垓下歌,两汉,项羽,力拔山兮气盖世。#时不利兮骓不逝。#骓不逝兮可奈何！#虞兮虞兮奈若何！,力量可以拔起大山，豪气世上无人能比。但时局对我不利啊，乌骓马跑不起来了。乌骓马不前进啊，我该怎么办？虞姬啊！虞姬啊！我又该把你怎么办？,项羽（公元前232年—公元前202年），名籍，字羽，秦下相（今江苏宿迁）人，他是中国军事思想“勇战派”代表人物，与“谋战派”孙武、韩信等人齐名。秦二世元年（前209年）从叔父项梁在吴中（今江苏苏州）起义，项梁阵亡后他率军渡河救赵王歇，巨鹿之战摧毁章邯的秦军主力。秦亡后称西楚霸王。后与刘邦争夺天下，进行了四年的楚汉战争，公元前202年兵败垓下（今安徽灵壁南），突围至乌江（今安徽和县长江段西）边自刎。项羽至今为止一直被评为中国历史上最为勇猛的著名武将，称之“生当作人杰，死亦为鬼雄”。
大风歌,两汉,刘邦,大风起兮云飞扬，威加海内兮归故乡，安得猛士兮守四方！,大风劲吹啊浮云飞扬，我统一了天下啊衣锦还乡，怎样才能得到勇士啊为国家镇守四方！,汉高祖刘邦，沛县丰邑中阳里人，汉朝开国皇帝，汉民族和汉文化伟大的开拓者之一、中国历史上杰出的政治家、卓越的战略家和指挥家。对汉族的发展，以及中国的统一和强大有突出贡献。
秋风辞,两汉,刘彻,秋风起兮白云飞，草木黄落兮雁南归。#兰有秀兮菊有芳，怀佳人兮不能忘。#泛楼船兮济汾河，横中流兮扬素波。#箫鼓鸣兮发棹歌，欢乐极兮哀情多。#少壮几时兮奈老何！,秋风刮起，白云飞。草木枯黄雁南归。秀美的是兰花呀，芳香的是菊花。思念美人难忘怀。乘坐着楼船行驶在汾河上，划动船桨扬起白色的波浪。吹起箫来打起鼓，欢乐过头哀伤多。年轻的日子早过去，渐渐衰老没奈何。,汉武帝刘彻（公元前156年－前87年），西汉的第7位皇帝，杰出的政治家、战略家、诗人。刘彻开拓汉朝最大版图，在各个领域均有建树，汉武盛世是中国历史上的三大盛世之一。晚年穷兵黩武，又造成了巫蛊之祸，征和四年刘彻下罪己诏。公元前87年刘彻崩于五柞宫，享年70岁，谥号孝武皇帝，庙号世宗，葬于茂陵。
赋得北方有佳人,唐代,徐惠,由来称独立，本自号倾城。#柳叶眉间发，桃花脸上生。#腕摇金钏响，步转玉环鸣。#纤腰宜宝袜，红衫艳织成。#悬知一顾重，别觉舞腰轻。,她向来有独来独往的名声，自认有倾国倾城的容貌。修长的眉毛宛如柳叶，艳丽的面容好似盛开的桃花。金钏随着手腕的摇动发出响动，腰间的玉环因为舞步转换而发出鸣声。彩色的腰带与纤细的腰肢相得益彰，红色的衣衫衬着华丽的织成更加鲜艳。料想到（观舞者）的知遇之恩有多么重要，更觉得自己舞动的腰肢分外轻盈。,徐惠（公元627年―公元650年），湖州长城人（今长兴人)，唐太宗李世民的妃嫔。生于贞观元年（公元627年）。年少时便才华出众。唐太宗听说后，将她纳为才人。后被封为婕妤，接着又升为充容。贞观末年，唐太宗频起征伐、广修宫殿。徐惠上疏极谏，剖析常年征伐、大兴土木之害。唐太宗认可了她的看法并对她厚加赏赐。贞观二十三年（公元649年），唐太宗驾崩，徐惠哀慕成疾，不肯服药，又作七言诗和连珠以示爱慕。永徽元年（公元650年）病逝，年仅二十四，被追封贤妃，陪葬昭陵石室。
上邪,两汉,佚名,上邪，我欲与君相知，长命无绝衰。#山无陵，江水为竭。#冬雷震震，夏雨雪。#天地合，乃敢与君绝。,上天呀！我渴望与你相知相惜，长存此心永不褪减。除非巍巍群山消逝不见，除非滔滔江水干涸枯竭。除非凛凛寒冬雷声翻滚，除非炎炎酷暑白雪纷飞，除非天地相交聚合连接，直到这样的事情全都发生时，我才敢将对你的情意抛弃决绝！,N/A
江南,两汉,佚名,江南可采莲，莲叶何田田，鱼戏莲叶间。#鱼戏莲叶东，鱼戏莲叶西，鱼戏莲叶南，鱼戏莲叶北。,江南又到了适宜采莲的季节了，莲叶浮出水面，挨挨挤挤，重重叠叠，迎风招展。在茂密如盖的荷叶下面，欢快的鱼儿在不停的嬉戏玩耍。一会儿在这儿，一会儿又忽然游到了那儿，说不清究竟是在东边，还是在西边，还是在南边，还是在北边。,N/A
长歌行,两汉,佚名,青青园中葵，朝露待日晞。#阳春布德泽，万物生光辉。#常恐秋节至，焜黄华叶衰。#百川东到海，何时复西归？#少壮不努力，老大徒伤悲！,园中的葵菜都郁郁葱葱，晶莹的朝露阳光下飞升。春天把希望洒满了大地，万物都呈现出一派繁荣。常恐那肃杀的秋天来到，树叶儿黄落百草也凋零。百川奔腾着东流到大海，何时才能重新返回西境？少年人如果不及时努力，到老来只能是悔恨一生。,N/A
古歌,两汉,佚名,秋风萧萧愁杀人，出亦愁，入亦愁。#座中何人，谁不怀忧。#令我白头。#胡地多飚风，树木何修修。#离家日趋远，衣带日趋缓。#心思不能言，肠中车轮转。,呼啸的秋风让人无限忧愁，进也忧愁，退也忧愁。异域戍边的人，哪个不陷入悲愁中？真是愁白了头啊。胡人之处多狂风，树木萧瑟干枯。离家日子越来越远，衣带渐宽人消瘦。思乡的悲苦无法言说，就像车轮在心中旋转。,N/A
十五从军征,两汉,佚名,十五从军征，八十始得归。#道逢乡里人：“家中有阿谁？#”“遥看是君家，松柏冢累累。#”兔从狗窦入，雉从梁上飞。#中庭生旅谷，井上生旅葵。#舂谷持作饭，采葵持作羹。#羹饭一时熟，不知贻阿谁？#出门东向看，泪落沾我衣。,刚满十五岁的少年就出去打仗，到了八十岁才回来。路上碰到一个乡下的邻居，问：“我家里还有什么人？”（他说）“你家那个地方现在已是松树柏树林中的一片坟墓。”走到家门前看见野兔从狗洞里出进，野鸡在屋脊上飞来飞去。院子里长着野生的谷子，野生的葵菜环绕着井台。用捣掉壳的野谷来做饭，摘下葵叶来煮汤。汤和饭一会儿都做好了，却不知赠送给谁吃。走出大门向着东方张望，老泪纵横，洒落在征衣上。注：“遥望是君家，松柏冢累累。”原为“遥望是君家，松柏冢垒垒。”,N/A
明月何皎皎,两汉,佚名,明月何皎皎，照我罗床帏。#忧愁不能寐，揽衣起徘徊。#客行虽云乐，不如早旋归。#出户独彷徨，愁思当告谁！#引领还入房，泪下沾裳衣。,明月如此皎洁光亮，照亮了我罗制的床帏。夜里忧愁得无法入睡，披衣而起在空屋内徘徊。客居在外虽然有趣，但是怎比得上早日回家呢。一个人出门忧愁彷徨，满心愁苦应该告诉谁呢？伸颈远望还是只能回到房间，眼泪沾湿了衣裳。,N/A
东城高且长,两汉,佚名,东城高且长，逶迤自相属。#回风动地起，秋草萋已绿。#四时更变化，岁暮一何速！#晨风怀苦心，蟋蟀伤局促。#荡涤放情志，何为自结束？#燕赵多佳人，美者颜如玉。#被服罗裳衣，当户理清曲。#音响一何悲！#弦急知柱促。#驰情整巾带，沉吟聊踯躅。#思为双飞燕，衔泥巢君屋。,N/A,N/A
行行重行行,两汉,佚名,行行重行行，与君生别离。#相去万余里，各在天一涯。#道路阻且长，会面安可知？#胡马依北风，越鸟巢南枝。#相去日已远，衣带日已缓。#浮云蔽白日，游子不顾返。#思君令人老，岁月忽已晚。#弃捐勿复道，努力加餐饭。,N/A,N/A
涉江采芙蓉,两汉,佚名,涉江采芙蓉，兰泽多芳草。#采之欲遗谁，所思在远道。#还顾望旧乡，长路漫浩浩。#同心而离居，忧伤以终老。,我踏过江水去采荷花，生有兰草的水泽中长满了香草。可是我采了荷花要送给谁呢?我想要送给远方的爱人。回头看那一起生活过的故乡，路途显得那么无边无际。两心相爱却不能在一起。于是我们要各在一方，愁苦忧伤以至终老异乡。,N/A
迢迢牵牛星,两汉,佚名,迢迢牵牛星，皎皎河汉女。#纤纤擢素手，札札弄机杼。#终日不成章，泣涕零如雨。#河汉清且浅，相去复几许！#盈盈一水间，脉脉不得语。,那遥远而亮洁的牵牛星，那皎洁而遥远的织女星。织女正摆动柔长洁白的双手，织布机札札不停地响个不停。因为相思而整天也织不出什么花样，她哭泣的泪水零落如雨。只隔了道清清浅浅的银河，他俩相界离也没有多远。相隔在清清浅浅的银河两边，含情脉脉相视无言地痴痴凝望。,N/A
回车驾言迈,两汉,佚名,回车驾言迈，悠悠涉长道。#四顾何茫茫，东风摇百草。#所遇无故物，焉得不速老。#盛衰各有时，立身苦不早。#人生非金石，岂能长寿考？#奄忽随物化，荣名以为宝。,转回车子驾驶向远方，路途遥远，长途跋涉，难以到达。一路上四野广大而无边际，春天的东风吹摇枯萎的野草。眼前看到的都不是过去的事物，人怎么能够不迅速衰老？盛和衰各有不同的时间，只恨建立功名的机会来得太迟。人不如金石般坚固，生命是脆弱的，怎么能够长寿不老？倏忽之间生命就衰老死亡了，应立刻进取获得声名荣禄。,N/A
客从远方来,两汉,佚名,客从远方来，遗我一端绮。#相去万余里，故人心尚尔。#文采双鸳鸯，裁为合欢被。#著以长相思，缘以结不解。#以胶投漆中，谁能别离此？,客人风尘仆仆，从远方送来了一端织有文彩的素缎。它从万里之外的夫君处捎来，这丝丝缕缕，该包含着夫君对我的无尽关切和惦念之情！绮缎上面织有文彩的鸳鸯双栖，我要将它做条温暖的合欢被。床被内须充实以丝绵，被缘边要以丝缕缀。丝绵再长，终究有穷尽之时，缘结不解，终究有松散之日。唯有胶和漆，黏合固结，再难分离。那么，就让我与夫君像胶和漆一样投合、固结吧，看谁还能将我们分隔？,N/A
凛凛岁云暮,两汉,佚名,凛凛岁云暮，蝼蛄夕鸣悲。#凉风率已厉，游子寒无衣。#锦衾遗洛浦，同袍与我违。#独宿累长夜，梦想见容辉。#良人惟古欢，枉驾惠前绥。#愿得常巧笑，携手同车归。#既来不须臾，又不处重闱。#亮无晨风翼，焉能凌风飞？#眄睐以适意，引领遥相睎。#徙倚怀感伤，垂涕沾双扉。,N/A,N/A
桓灵时童谣,两汉,佚名,举秀才，不知书。#举孝廉，父别居。#寒素清白浊如泥，高第良将怯如鸡。,被推举作秀才的人竟然不识字。被荐举作孝廉的人竟然不赡养父母。被选拔为寒素、清白的人竟然像污泥一样肮脏，被称为是干吏良将的竟然象鸡一样胆小。,N/A
龟虽寿,两汉,曹操,神龟虽寿，犹有竟时。#螣蛇乘雾，终为土灰。#老骥伏枥，志在千里。#烈士暮年，壮心不已。#盈缩之期，不但在天；养怡之福，可得永年。#幸甚至哉，歌以咏志。,神龟的寿命即使十分长久，但也还有生命终结的时候。螣蛇尽管能乘雾飞行，终究也会死亡化为土灰。年老的千里马躺在马棚里，它的雄心壮志仍然是能够驰骋千里。有远大抱负的人士到了晚年，奋发思进的雄心不会止息。人的寿命长短，不只是由上天所决定的。只要自己调养好身心，也可以益寿延年。我非常庆幸，就用这首诗歌来表达自己内心的志向。,曹操（155年－220年正月庚子），字孟德，一名吉利，小字阿瞒，沛国谯（今安徽亳州）人，汉族。东汉末年杰出的政治家、军事家、文学家、书法家。三国中曹魏政权的缔造者，其子曹丕称帝后，追尊为武皇帝，庙号太祖。曹操精兵法，善诗歌，抒发自己的政治抱负，并反映汉末人民的苦难生活，气魄雄伟，慷慨悲凉；散文亦清峻整洁，开启并繁荣了建安文学，给后人留下了宝贵的精神财富，史称建安风骨，鲁迅评价其为“改造文章的祖师”。同时曹操也擅长书法，尤工章草，唐朝张怀瓘在《书断》中评其为“妙品”。
蒿里行,两汉,曹操,关东有义士，兴兵讨群凶。#初期会盟津，乃心在咸阳。#军合力不齐，踌躇而雁行。#势利使人争，嗣还自相戕。#淮南弟称号，刻玺于北方。#铠甲生虮虱，万姓以死亡。#白骨露於野，千里无鸡鸣。#生民百遗一，念之断人肠。,N/A,曹操（155年－220年正月庚子），字孟德，一名吉利，小字阿瞒，沛国谯（今安徽亳州）人，汉族。东汉末年杰出的政治家、军事家、文学家、书法家。三国中曹魏政权的缔造者，其子曹丕称帝后，追尊为武皇帝，庙号太祖。曹操精兵法，善诗歌，抒发自己的政治抱负，并反映汉末人民的苦难生活，气魄雄伟，慷慨悲凉；散文亦清峻整洁，开启并繁荣了建安文学，给后人留下了宝贵的精神财富，史称建安风骨，鲁迅评价其为“改造文章的祖师”。同时曹操也擅长书法，尤工章草，唐朝张怀瓘在《书断》中评其为“妙品”。
观沧海,两汉,曹操,东临碣石，以观沧海。#水何澹澹，山岛竦峙。#树木丛生，百草丰茂。#秋风萧瑟，洪波涌起。#日月之行，若出其中；星汉灿烂，若出其里。#幸甚至哉，歌以咏志。,东行登上碣石山，来观赏那苍茫的海。海水多么宽阔浩荡，山岛高高地挺立在海边。树木和百草丛生，十分繁茂，秋风吹动树木发出悲凉的声音，海中涌着巨大的海浪。太阳和月亮的运行，好像是从这浩瀚的海洋中发出的。银河星光灿烂，好像是从这浩瀚的海洋中产生出来的。我很高兴，就用这首诗歌来表达自己内心的志向。,曹操（155年－220年正月庚子），字孟德，一名吉利，小字阿瞒，沛国谯（今安徽亳州）人，汉族。东汉末年杰出的政治家、军事家、文学家、书法家。三国中曹魏政权的缔造者，其子曹丕称帝后，追尊为武皇帝，庙号太祖。曹操精兵法，善诗歌，抒发自己的政治抱负，并反映汉末人民的苦难生活，气魄雄伟，慷慨悲凉；散文亦清峻整洁，开启并繁荣了建安文学，给后人留下了宝贵的精神财富，史称建安风骨，鲁迅评价其为“改造文章的祖师”。同时曹操也擅长书法，尤工章草，唐朝张怀瓘在《书断》中评其为“妙品”。
短歌行,两汉,曹操,对酒当歌，人生几何！#譬如朝露，去日苦多。#慨当以慷，忧思难忘。#何以解忧？唯有杜康。#青青子衿，悠悠我心。#但为君故，沉吟至今。#呦呦鹿鸣，食野之苹。#我有嘉宾，鼓瑟吹笙。#明明如月，何时可掇？#忧从中来，不可断绝。#越陌度阡，枉用相存。#契阔谈讌，心念旧恩。#月明星稀，乌鹊南飞。#绕树三匝，何枝可依？#山不厌高，海不厌深。#周公吐哺，天下归心。,N/A,曹操（155年－220年正月庚子），字孟德，一名吉利，小字阿瞒，沛国谯（今安徽亳州）人，汉族。东汉末年杰出的政治家、军事家、文学家、书法家。三国中曹魏政权的缔造者，其子曹丕称帝后，追尊为武皇帝，庙号太祖。曹操精兵法，善诗歌，抒发自己的政治抱负，并反映汉末人民的苦难生活，气魄雄伟，慷慨悲凉；散文亦清峻整洁，开启并繁荣了建安文学，给后人留下了宝贵的精神财富，史称建安风骨，鲁迅评价其为“改造文章的祖师”。同时曹操也擅长书法，尤工章草，唐朝张怀瓘在《书断》中评其为“妙品”。
赠从弟,魏晋,刘桢,亭亭山上松，瑟瑟谷中风。#风声一何盛，松枝一何劲。#冰霜正惨凄，终岁常端正。#岂不罹凝寒，松柏有本性。,高山上挺拔耸立的松树，顶着山谷间瑟瑟呼啸的狂风。风声是如此的猛烈，而松枝是如此的刚劲！任它满天冰霜惨惨凄凄，松树的腰杆终年端端正正。难道是松树没有遭遇凝重的寒意？不，是松柏天生有着耐寒的本性！,刘桢（？-217），三国时魏名士，建安七子之一。字公干，山东东平宁阳人。博学有才，与魏文帝友善。后以不敬罪被刑，刑后署吏。所作五言诗，风格遒劲，语言质朴，重名于世，今有《刘公干集》。
室思,魏晋,徐干,沉阴结愁忧，愁忧为谁兴？#念与君相别，各在天一方。#良会未有期，中心摧且伤。#不聊忧餐食，慊慊常饥空。#端坐而无为，仿佛君容光。#峨峨高山首，悠悠万里道。#君去日已远，郁结令人老。#人生一世间，忽若暮春草。#时不可再得，何为自愁恼？#每诵昔鸿恩，贱躯焉足保。#浮云何洋洋，愿因通我词。#飘摇不可寄，徙倚徒相思。#人离皆复会，君独无返期。#自君之出矣，明镜暗不治。#思君如流水，何有穷已时。#惨惨时节尽，兰叶复凋零。#喟然长叹息，君期慰我情。#辗转不能寐，长夜何绵绵。#蹑履起出户，仰观三星连。#自恨志不遂，泣涕如涌泉。#思君见巾栉，以益我劳勤。#安得鸿鸾羽，觏此心中人。#诚心亮不遂，搔首立悁悁。#何言一不见，复会无因缘。#故如比目鱼，今隔如参辰。#人靡不有初，想君能终之。#别来历年岁，旧恩何可期。#重新而忘故，君子所尤讥。#寄身虽在远，岂忘君须臾。#既厚不为薄，想君时见思。,N/A,汉末文学家、哲学家。“建安七子”之一。以诗、辞赋、政论著称。其著作《中论》对历朝历代的统治者和文化学者影响深远。
燕歌行二首·其一,魏晋,曹丕,秋风萧瑟天气凉，草木摇落露为霜，群燕辞归鹄南翔。#念君客游思断肠，慊慊思归恋故乡，君何淹留寄他方？#贱妾茕茕守空房，忧来思君不敢忘，不觉泪下沾衣裳。#援琴鸣弦发清商，短歌微吟不能长。#明月皎皎照我床，星汉西流夜未央。#牵牛织女遥相望，尔独何辜限河梁。,"秋风萧瑟,天气清冷，草木凋落，白露凝霜。燕群辞归，天鹅南飞。思念出外远游的良人啊，我肝肠寸断。思虑冲冲，怀念故乡。君为何故，淹留他方。贱妾孤零零的空守闺房，忧愁的时候思念君子啊，我不能忘怀。不知不觉中珠泪下落，打湿了我的衣裳。拿过古琴，拨弄琴弦却发出丝丝哀怨。短歌轻吟，似续还断。那皎洁的月光啊照着我的空床，星河沉沉向西流，忧心不寐夜漫长。牵牛织女啊远远的互相观望，你们究竟有什么罪过，被天河阻挡。",曹魏高祖文皇帝曹丕（187年冬－226年6月29日），字子桓，三国时期著名的政治家、文学家，曹魏的开国皇帝，公元220－226年在位。他在位期间，平定边患。击退鲜卑，和匈奴、氐、羌等外夷修好，恢复汉朝在西域的设置。除军政以外，曹丕自幼好文学，于诗、赋、文学皆有成就，尤擅长于五言诗，与其父曹操和弟曹植，并称三曹，今存《魏文帝集》二卷。另外，曹丕著有《典论》，当中的《论文》是中国文学史上第一部有系统的文学批评专论作品。去世后庙号高祖（《资治通鉴》作世祖），谥为文皇帝，葬于首阳陵。
白马篇,魏晋,曹植,白马饰金羁，连翩西北驰。#借问谁家子，幽并游侠儿。#少小去乡邑，扬声沙漠垂。#宿昔秉良弓，楛矢何参差。#控弦破左的，右发摧月支。#仰手接飞猱，俯身散马蹄。#狡捷过猴猿，勇剽若豹螭。#边城多警急，虏骑数迁移。#羽檄从北来，厉马登高堤。#长驱蹈匈奴，左顾凌鲜卑。#弃身锋刃端，性命安可怀？#父母且不顾，何言子与妻！#名编壮士籍，不得中顾私。#捐躯赴国难，视死忽如归！,N/A,曹植（192－232），字子建，沛国谯（今安徽省亳州市）人。三国曹魏著名文学家，建安文学代表人物。魏武帝曹操之子，魏文帝曹丕之弟，生前曾为陈王，去世后谥号“思”，因此又称陈思王。后人因他文学上的造诣而将他与曹操、曹丕合称为“三曹”，南朝宋文学家谢灵运更有“天下才有一石，曹子建独占八斗”的评价。王士祯尝论汉魏以来二千年间诗家堪称“仙才”者，曹植、李白、苏轼三人耳。
七步诗,两汉,曹植,煮豆燃豆萁，豆在釜中泣。#本是同根生，相煎何太急？,锅里煮着豆子，豆秸在锅底下燃烧，豆子在锅里面哭泣。豆子和豆秸本来是同一条根上生长出来的，豆秸怎能这样急迫地煎熬豆子呢？（版本一）,曹植（192－232），字子建，沛国谯（今安徽省亳州市）人。三国曹魏著名文学家，建安文学代表人物。魏武帝曹操之子，魏文帝曹丕之弟，生前曾为陈王，去世后谥号“思”，因此又称陈思王。后人因他文学上的造诣而将他与曹操、曹丕合称为“三曹”，南朝宋文学家谢灵运更有“天下才有一石，曹子建独占八斗”的评价。王士祯尝论汉魏以来二千年间诗家堪称“仙才”者，曹植、李白、苏轼三人耳。
杂诗七首·其四,魏晋,曹植,南国有佳人，容华若桃李。#朝游江北岸，夕宿潇湘沚。#时俗薄朱颜，谁为发皓齿？#俯仰岁将暮，荣耀难久恃。,在南方，有一位美丽的女子，她的面容若桃花般芳艳，如李花般清丽。早晨她来到江北岸边游玩，夜晚她到萧湘的小岛中休憩。当世的风气轻视美丽的容颜，贝齿轻启的微笑为谁而发呢？转瞬间，岁月消逝，可是青春的美貌是难以永远存在的。,曹植（192－232），字子建，沛国谯（今安徽省亳州市）人。三国曹魏著名文学家，建安文学代表人物。魏武帝曹操之子，魏文帝曹丕之弟，生前曾为陈王，去世后谥号“思”，因此又称陈思王。后人因他文学上的造诣而将他与曹操、曹丕合称为“三曹”，南朝宋文学家谢灵运更有“天下才有一石，曹子建独占八斗”的评价。王士祯尝论汉魏以来二千年间诗家堪称“仙才”者，曹植、李白、苏轼三人耳。
七哀诗三首·其一,魏晋,王粲,西京乱无象，豺虎方遘患。#复弃中国去，委身适荆蛮。#亲戚对我悲，朋友相追攀。#出门无所见，白骨蔽平原。#路有饥妇人，抱子弃草间。#顾闻号泣声，挥涕独不还。#“未知身死处，何能两相完？#”驱马弃之去，不忍听此言。#南登霸陵岸，回首望长安，悟彼下泉人，喟然伤心肝。,N/A,王粲（177-217），字仲宣，山阳郡高平（今山东微山）人。东汉末年著名文学家，“建安七子”之一，由于其文才出众，被称为“七子之冠冕”。初仕刘表，后归曹操。
赠秀才入军·其十四,魏晋,嵇康,息徒兰圃，秣马华山。#流磻平皋，垂纶长川。#目送归鸿，手挥五弦。#俯仰自得，游心太玄。#嘉彼钓叟，得鱼忘筌。#郢人逝矣，谁与尽言？,我们的部队于兰圃休息，在青草丰茂的山坡喂马，在水边的原野用石弹（磻）打鸟，在长河里钓鱼。一边目送着南归的鸿雁，一边信手挥弹五弦琴。一举一动都悠然自得。对大自然的奥妙之道能够心领神会，十分快乐！不禁赞赏《庄子》中那位渔翁捕到了鱼，忘掉了筌（捕鱼工具）的风神。（以上几句委婉地劝谕其兄归隐田园，享受大自然的乐趣，放弃军旅生活。）同心同德的郢人已经死了，这些话跟谁多说了都没用。（作者担心嵇喜与他志趣相异，难以接受其劝谕，表示惋惜。）,嵇康（224－263，一说223－262），字叔夜，汉族，三国时期魏国谯郡铚县（今安徽省宿州市西）人。著名思想家、音乐家、文学家。正始末年与阮籍等竹林名士共倡玄学新风，主张“越名教而任自然”、“审贵贱而通物情”，为“竹林七贤”的精神领袖。曾娶曹操曾孙女，官曹魏中散大夫，世称嵇中散。后因得罪钟会，为其构陷，而被司马昭处死。
咏怀八十二首·其一,魏晋,阮籍,夜中不能寐，起坐弹鸣琴。#薄帷鉴明月，清风吹我襟。#孤鸿号外野，翔鸟鸣北林。#徘徊将何见？#忧思独伤心。,夜里睡不着觉，起床坐着弹琴。月光照在薄帷上，清风吹着我的衣襟。孤鸿（天鹅）在野外哀号，飞翔盘旋着的鸟在北林鸣叫。这时徘徊会看到些什么呢？不过是独自伤心罢了。,阮籍(210～263)，三国魏诗人。字嗣宗。陈留（今属河南）尉氏人。竹林七贤之一，是建安七子之一阮瑀的儿子。曾任步兵校尉，世称阮步兵。崇奉老庄之学，政治上则采谨慎避祸的态度。阮籍是“正始之音”的代表，著有《咏怀》、《大人先生传》等。
吴孙皓初童谣,魏晋,佚名,宁饮建业水，不食武昌鱼。#宁还建业死，不止武昌居。,N/A,N/A
咏史·郁郁涧底松,魏晋,左思,郁郁涧底松，离离山上苗。#以彼径寸茎，荫此百尺条。#世胄蹑高位，英俊沉下僚。#地势使之然，由来非一朝。#金张藉旧业，七叶珥汉貂。#冯公岂不伟，白首不见招。,"茂盛的松树生长在山涧底,风中低垂摇摆着的小苗生长在山头上.(由于生长的地势高低不同,)凭它径寸之苗,却能遮盖百尺之松.贵族世家的子弟能登上高位获得权势,有才能的人却埋没在低级职位中.这是所处的地位不同使他们这样的,这种情况由来已久并非一朝一夕造成的.汉代金日磾和张安世二家就是依靠了祖上的遗业,子孙七代做了高官.(珥汉貂:珥,插.汉代侍中官员的帽子上插貂鼠尾作装饰.)汉文帝时的冯唐难道还不算是个奇伟的人才吗?可就因为出身微寒,白头发了仍不被重用。",左思（约250～305）字太冲，齐国临淄（今山东淄博）人。西晋著名文学家，其《三都赋》颇被当时称颂，造成“洛阳纸贵”。左思自幼其貌不扬却才华出众。晋武帝时，因妹左棻被选入宫，举家迁居洛阳，任秘书郎。晋惠帝时，依附权贵贾谧，为文人集团“二十四友”的重要成员。永康元年（300年），因贾谧被诛，遂退居宜春里，专心著述。后齐王司马冏召为记室督，不就。太安二年（303年），因张方进攻洛阳而移居冀州，不久病逝。
思吴江歌,魏晋,张翰,秋风起兮木叶飞，吴江水兮鲈正肥。#三千里兮家未归，恨难禁兮仰天悲。,秋风起，树叶飞，吴江的鲈鱼鲜又肥。离家三千里，想回未能回。思念家乡的愁和恨，怎么也压抑不住，只能向天悲叹！,张翰，西晋文学家，字季鹰，父亲是三国孙吴的大鸿胪张俨。吴郡吴县（今苏州）人。生卒年不详，葬于芦墟二十九都南役圩。张翰性格放纵不拘，时人比之为阮籍，号“江东步兵”。齐王执政，辟为大司马东曹掾，见祸乱方兴，以秋风起思吴中菰菜、莼羹、鲈鱼为由辞官而归。
归园田居·其一,魏晋,陶渊明,少无适俗韵，性本爱丘山。#误落尘网中，一去三十年。#羁鸟恋旧林，池鱼思故渊。#开荒南野际，守拙归园田。#方宅十余亩，草屋八九间。#榆柳荫后檐，桃李罗堂前。#暧暧远人村，依依墟里烟。#狗吠深巷中，鸡鸣桑树颠。#户庭无尘杂，虚室有余闲。#久在樊笼里，复得返自然。,N/A,陶渊明（约365年—427年），字元亮，（又一说名潜，字渊明）号五柳先生，私谥“靖节”，东晋末期南朝宋初期诗人、文学家、辞赋家、散文家。汉族，东晋浔阳柴桑人（今江西九江）。曾做过几年小官，后辞官回家，从此隐居，田园生活是陶渊明诗的主要题材，相关作品有《饮酒》、《归园田居》、《桃花源记》、《五柳先生传》、《归去来兮辞》等。
归园田居·其三,魏晋,陶渊明,种豆南山下，草盛豆苗稀。#晨兴理荒秽，带月荷锄归。#道狭草木长，夕露沾我衣。#衣沾不足惜，但使愿无违。,我在南山下种植豆子，地里野草茂盛豆苗豌稀。清晨早起下地铲除杂草，夜幕降披月光扛锄归去。狭窄的山径草木丛生，夜露沾湿了我的衣。衣衫被沾湿并不可惜．只希望不违背我归耕田园的心意。,陶渊明（约365年—427年），字元亮，（又一说名潜，字渊明）号五柳先生，私谥“靖节”，东晋末期南朝宋初期诗人、文学家、辞赋家、散文家。汉族，东晋浔阳柴桑人（今江西九江）。曾做过几年小官，后辞官回家，从此隐居，田园生活是陶渊明诗的主要题材，相关作品有《饮酒》、《归园田居》、《桃花源记》、《五柳先生传》、《归去来兮辞》等。
饮酒·其五,魏晋,陶渊明,结庐在人境，而无车马喧。#问君何能尔？#心远地自偏。#采菊东篱下，悠然见南山。#山气日夕佳，飞鸟相与还。#此中有真意，欲辨已忘言。,居住在人世间，却没有车马的喧嚣。问我为何能如此，只要心志高远，自然就会觉得所处地方僻静了。在东篱之下采摘菊花，悠然间，那远处的南山映入眼帘。山中的气息与傍晚的景色十分好，有飞鸟，结着伴儿归来。这里面蕴含着人生的真正意义，想要辨识，却不知怎样表达。,陶渊明（约365年—427年），字元亮，（又一说名潜，字渊明）号五柳先生，私谥“靖节”，东晋末期南朝宋初期诗人、文学家、辞赋家、散文家。汉族，东晋浔阳柴桑人（今江西九江）。曾做过几年小官，后辞官回家，从此隐居，田园生活是陶渊明诗的主要题材，相关作品有《饮酒》、《归园田居》、《桃花源记》、《五柳先生传》、《归去来兮辞》等。
咏荆轲,魏晋,陶渊明,燕丹善养士，志在报强嬴。#招集百夫良，岁暮得荆卿。#君子死知己，提剑出燕京；素骥鸣广陌，慷慨送我行。#雄发指危冠，猛气冲长缨。#饮饯易水上，四座列群英。#渐离击悲筑，宋意唱高声。#萧萧哀风逝，淡淡寒波生。#商音更流涕，羽奏壮士惊。#心知去不归，且有后世名。#登车何时顾，飞盖入秦庭。#凌厉越万里，逶迤过千城。#图穷事自至，豪主正怔营。#惜哉剑术疏，奇功遂不成。#其人虽已没，千载有馀情。,N/A,陶渊明（约365年—427年），字元亮，（又一说名潜，字渊明）号五柳先生，私谥“靖节”，东晋末期南朝宋初期诗人、文学家、辞赋家、散文家。汉族，东晋浔阳柴桑人（今江西九江）。曾做过几年小官，后辞官回家，从此隐居，田园生活是陶渊明诗的主要题材，相关作品有《饮酒》、《归园田居》、《桃花源记》、《五柳先生传》、《归去来兮辞》等。
读山海经·其一,魏晋,陶渊明,孟夏草木长，绕屋树扶疏。#众鸟欣有托，吾亦爱吾庐。#既耕亦已种，时还读我书。#穷巷隔深辙，颇回故人车。#欢言酌春酒，摘我园中蔬。#微雨从东来，好风与之俱。#泛览《周王传》，流观《山海》图。#俯仰终宇宙，不乐复何如？,孟夏的时节草木茂盛，绿树围绕着我的房屋。众鸟快乐地好像有所寄托，我也喜爱我的茅庐。耕种过之后，我时常返回来读我喜爱的书。居住在僻静的村巷中远离喧嚣，即使是老朋友驾车探望也掉头回去。（我）欢快地饮酌春酒，采摘园中的蔬菜。细雨从东方而来，夹杂着清爽的风。泛读着《周王传》，浏览着《山海经图》。（在）俯仰之间纵览宇宙，还有什么比这个更快乐呢？,陶渊明（约365年—427年），字元亮，（又一说名潜，字渊明）号五柳先生，私谥“靖节”，东晋末期南朝宋初期诗人、文学家、辞赋家、散文家。汉族，东晋浔阳柴桑人（今江西九江）。曾做过几年小官，后辞官回家，从此隐居，田园生活是陶渊明诗的主要题材，相关作品有《饮酒》、《归园田居》、《桃花源记》、《五柳先生传》、《归去来兮辞》等。
读山海经·其十,魏晋,陶渊明,精卫衔微木，将以填沧海。#刑天舞干戚，猛志固常在。#同物既无虑，化去不复悔。#徒设在昔心，良辰讵可待。,精卫含着微小的木块，要用它填平沧海。刑天挥舞着盾斧，刚毅的斗志始终存在。同样是生灵不存余哀，化成了异物并无悔改。如果没有这样的意志品格，美好的时光又怎么会到来呢？,陶渊明（约365年—427年），字元亮，（又一说名潜，字渊明）号五柳先生，私谥“靖节”，东晋末期南朝宋初期诗人、文学家、辞赋家、散文家。汉族，东晋浔阳柴桑人（今江西九江）。曾做过几年小官，后辞官回家，从此隐居，田园生活是陶渊明诗的主要题材，相关作品有《饮酒》、《归园田居》、《桃花源记》、《五柳先生传》、《归去来兮辞》等。
杂诗,魏晋,陶渊明,人生无根蒂，飘如陌上尘。#分散逐风转，此已非常身。#落地为兄弟，何必骨肉亲！#得欢当作乐，斗酒聚比邻。#盛年不重来，一日难再晨。#及时当勉励，岁月不待人。,人生在世没有根蒂，飘泊如路上的尘土。生命随风飘转，此身历尽了艰难，已经不是原来的样子了。世人都应当视同兄弟，何必亲生的同胞弟兄才能相亲呢？遇到高兴的事就应当作乐，有酒就要邀请近邻共饮。青春一旦过去便不可能重来，一天之中永远看不到第二次日出。应当趁年富力强之时勉励自己，光阴流逝，并不等待人。,陶渊明（约365年—427年），字元亮，（又一说名潜，字渊明）号五柳先生，私谥“靖节”，东晋末期南朝宋初期诗人、文学家、辞赋家、散文家。汉族，东晋浔阳柴桑人（今江西九江）。曾做过几年小官，后辞官回家，从此隐居，田园生活是陶渊明诗的主要题材，相关作品有《饮酒》、《归园田居》、《桃花源记》、《五柳先生传》、《归去来兮辞》等。
酌贪泉,魏晋,吴隐之,古人云此水，一歃怀千金。#试使夷齐饮，终当不易心。,古人传言此泉水，一饮就生贪婪心。试使夷齐饮此水，终当不改清廉心。,吴隐之（？—414），字处默，东晋濮阳鄄城人，生当东晋后期。曾任中书侍郎，左卫将军，广州刺史等职，官至度支尚书，著名廉吏。
登江中孤屿,南北朝,谢灵运,江南倦历览，江北旷周旋。#怀新道转迥，寻异景不延。#乱流趋正绝，孤屿媚中川。#云日相晖映，空水共澄鲜。#表灵物莫赏，蕴真谁为传。#想象昆山姿，缅邈区中缘。#始信安期术，得尽养生年。,倦于遍览江南美景，江北风光久未观看。寻求新景道路遥远，探访奇观时光不延。穿越激流横渡前行，孤岛秀美大河中间。白云红日相互辉映，水天一色澄碧鲜妍。呈现灵气无人欣赏，藏有真趣谁为传言？遥想昆山仙人英姿，顿觉世间尘缘邈远。始信安期养生之术，得以享尽养生天年。,谢灵运（385年－433年），东晋陈郡阳夏（今河南太康）人，出生在会稽始宁（今浙江上虞），原为陈郡谢氏士族。东晋名将谢玄之孙，小名“客”，人称谢客。又以袭封康乐公，称谢康公、谢康乐。著名山水诗人，主要创作活动在刘宋时代，中国文学史上山水诗派的开创者。由谢灵运始，山水诗乃成中国文学史上的一大流派，最著名的是《山居赋》，也是见诸史册的第一位大旅行家。谢灵运还兼通史学，工于书法，翻译佛经，曾奉诏撰《晋书》。《隋书&183;经籍志》、《晋书》录有《谢灵运集》等14种。
拟行路难·其四,南北朝,鲍照,泻水置平地，各自东西南北流。#人生亦有命，安能行叹复坐愁？#酌酒以自宽，举杯断绝歌路难。#心非木石岂无感？#吞声踯躅不敢言。,往平地上倒水，水会向不同方向流散一样，人生贵贱穷达是不一致的。人生是既定的，怎么能成天自怨自哀。喝点酒来宽慰自己，歌唱《行路难》，歌唱声因举杯饮酒而中断。人心又不是草木，怎么会没有感情？欲说还休，欲行又止，不再多说什么。,鲍照（约415年～466年）南朝宋文学家，与颜延之、谢灵运合称“元嘉三大家”。字明远，汉族，祖籍东海（治所在今山东郯城西南，辖区包括今江苏涟水，久居建康（今南京）。家世贫贱，临海王刘子顼镇荆州时，任前军参军。刘子顼作乱，照为乱兵所杀。他长于乐府诗，其七言诗对唐代诗歌的发展起了很重要的作用。有《鲍参军集》。
拟行路难·其六,南北朝,鲍照,对案不能食，拔剑击柱长叹息。#丈夫生世会几时？#安能蹀躞垂羽翼！#弃置罢官去，还家自休息。#朝出与亲辞，暮还在亲侧。#弄儿床前戏，看妇机中织。#自古圣贤尽贫贱，何况我辈孤且直！,对着席案上的美食却难以下咽，拔出宝剑对柱挥舞发出长长的叹息。大丈夫一辈子能有多长时间，怎么能小步走路的失意丧气？放弃官衔辞职离开，回到家中休养生息。早上出家门与家人道别，傍晚回家依然在亲人身边。在床前与孩子玩耍，看妻子在织布机前织布。自古以来圣贤的人都生活得贫贱，更何况我这样的清高孤寒又正直的人呢？,鲍照（约415年～466年）南朝宋文学家，与颜延之、谢灵运合称“元嘉三大家”。字明远，汉族，祖籍东海（治所在今山东郯城西南，辖区包括今江苏涟水，久居建康（今南京）。家世贫贱，临海王刘子顼镇荆州时，任前军参军。刘子顼作乱，照为乱兵所杀。他长于乐府诗，其七言诗对唐代诗歌的发展起了很重要的作用。有《鲍参军集》。
梅花落,南北朝,鲍照,中庭多杂树，偏为梅咨嗟。#问君何独然？#念其霜中能作花，露中能作实。#摇荡春风媚春日，念尔零落逐寒风，徒有霜华无霜质。,庭院中有许许多多的杂树，却偏偏对梅花赞许感叹，请问你为何会如此？是因为它能在寒霜中开花，在寒露中结果实。那些只会在春风中摇荡，在春日里妩媚的，你一定会飘零在寒风中追逐，因为你徒有在寒霜中开花却没有耐寒的本质。,鲍照（约415年～466年）南朝宋文学家，与颜延之、谢灵运合称“元嘉三大家”。字明远，汉族，祖籍东海（治所在今山东郯城西南，辖区包括今江苏涟水，久居建康（今南京）。家世贫贱，临海王刘子顼镇荆州时，任前军参军。刘子顼作乱，照为乱兵所杀。他长于乐府诗，其七言诗对唐代诗歌的发展起了很重要的作用。有《鲍参军集》。
赠范晔诗,南北朝,陆凯,折花逢驿使，寄与陇头人。#江南无所有，聊赠一枝春。,遇见北去的驿使就去折梅花，托他带给远在陇山的友人。江南别没有更好的礼品相送，姑且把一枝梅花送去报春。,陆凯（？―约504年），字智君，陆俟之孙，北魏代（今张家口涿鹿县山涧口村）人，鲜卑族。是南北朝人。《魏书》有传。
晚登三山还望京邑,南北朝,谢朓,灞涘望长安，河阳视京县。#白日丽飞甍，参差皆可见。#余霞散成绮，澄江静如练。#喧鸟覆春洲，杂英满芳甸。#去矣方滞淫，怀哉罢欢宴。#佳期怅何许，泪下如流霰。#有情知望乡，谁能鬒不变？,我就像王粲在灞陵上眺望长安，又像潘岳在河阳回顾洛阳那样登上三山回望京城。夕阳使飞耸的屋脊色彩明丽，京城内的屋宇高低不齐，历历在目。残余的晚霞铺展开来就像彩锦，澄清的江水平静得如同白练。喧闹的群鸟覆盖了春天的小洲，各种花朵开满了芳草遍地的郊野。我将远离京城在他乡久留，真怀念那些已停办的欢乐宴会。回乡的日期在何时，我惆怅不已泪落如雪珠。有感情的人都知道思念家乡，谁的黑头发能不改变？,谢朓（464~499年），字玄晖。汉族，陈郡阳夏（今河南太康县）人。南朝齐时著名的山水诗人，出身世家大族。谢朓与谢灵运同族，世称“小谢”。初任竟陵王萧子良功曹、文学，为“竟陵八友”之一。后官宣城太守，终尚书吏部郎，又称谢宣城、谢吏部。东昏侯永元初，遭始安王萧遥光诬陷，下狱死。曾与沈约等共创“永明体”。今存诗二百余首，多描写自然景物，间亦直抒怀抱，诗风清新秀丽，圆美流转，善于发端，时有佳句；又平仄协调，对偶工整，开启唐代律绝之先河。
王孙游,南北朝,谢朓,绿草蔓如丝，杂树红英发。#无论君不归，君归芳已歇。,地上长满了如丝的绿草，树上开满了烂漫的红花，已是暮春时节了。莫说你不回来，即使回来，春天也过去了。,谢朓（464~499年），字玄晖。汉族，陈郡阳夏（今河南太康县）人。南朝齐时著名的山水诗人，出身世家大族。谢朓与谢灵运同族，世称“小谢”。初任竟陵王萧子良功曹、文学，为“竟陵八友”之一。后官宣城太守，终尚书吏部郎，又称谢宣城、谢吏部。东昏侯永元初，遭始安王萧遥光诬陷，下狱死。曾与沈约等共创“永明体”。今存诗二百余首，多描写自然景物，间亦直抒怀抱，诗风清新秀丽，圆美流转，善于发端，时有佳句；又平仄协调，对偶工整，开启唐代律绝之先河。
之零陵郡次新亭,南北朝,范云,江干远树浮，天末孤烟起。#江天自如合，烟树还相似。#沧流未可源，高帆去何已。,岸边的树木隐隐绰绰地飘浮，天的尽头一缕孤烟袅袅升起。江水蓝天浑然一体上下相合，缥缈云烟朦胧远树上下相似。江水浩浩汤汤难以穷尽其源，扬帆的小舟飘到哪里才停止？,范云（451～503年），字彦龙，南乡舞阴（今河南泌阳县西北）人，南朝文学家。范缜从弟，子范孝才。
估客乐四首,南北朝,释宝月,郎作十里行，侬作九里送。#拔侬头上钗，与郎资路用。#有信数寄书，无信心相忆。#莫作瓶落井，一去无消息。#大艑珂峨头，何处发扬州。#借问艑上郎，见侬所欢不？#初发扬州时，船出平津泊。#五两如竹林，何处相寻博。,N/A,释宝月，南朝萧齐时期诗僧。生卒时间及生平不详。俗姓康，一说姓庾，胡人后裔，善解音律，颇有文名。《先秦汉魏晋南北朝诗》辑得其诗五首。
夜夜曲,南北朝,沈约,河汉纵且横，北斗横复直。#星汉空如此，宁知心有忆？#孤灯暧不明，寒机晓犹织。#零泪向谁道，鸡鸣徒叹息。,银河纵横穿流、星斗横竖移动。银河与北斗星都是在无知无情的空自流转，又怎知我心中在想念一个人？空房之内，一盎孤灯半明不灭，不管天寒地冻，依然踏起织机，织起布来。泪流不止可又能向谁诉说呢？只能听着鸡鸣声发出一声声的叹息。,沈约（441~513年），字休文，汉族，吴兴武康（今浙江湖州德清）人，南朝史学家、文学家。出身于门阀士族家庭，历史上有所谓“江东之豪，莫强周、沈”的说法，家族社会地位显赫。祖父沈林子，宋征虏将军。父亲沈璞，宋淮南太守，于元嘉末年被诛。沈约孤贫流离，笃志好学，博通群籍，擅长诗文。历仕宋、齐、梁三朝。在宋仕记室参军、尚书度支郎。著有《晋书》、《宋书》、《齐纪》、《高祖纪》、《迩言》、《谥例》、《宋文章志》，并撰《四声谱》。作品除《宋书》外，多已亡佚。
扬州法曹梅花盛开,南北朝,何逊,兔园标物序，惊时最是梅。#衔霜当路发，映雪拟寒开。#枝横却月观，花绕凌风台。#朝洒长门泣，夕驻临邛杯。#应知早飘落，故逐上春来。,在花园里是容易看出时节的变化的，其中最使人惊异、最能标志时节变化的就是梅花。梅花不怕霜雪、不畏风寒，在零霜下雪的时候，它就在路边开放了。梅花的枝叶和花朵开遍扬州。梅花盛开的时候可以使被遗弃者见之有感而落泪，也可以使钟情的人触景兴怀而勃发。梅花大概也知道自己飘落得早，所以赶在正月就开起花来了。,南朝梁诗人，字仲言，东海郯(今山东省苍山县长城镇)人，何承天曾孙，宋员外郎何翼孙，齐太尉中军参军何询子。八岁能诗，弱冠州举秀才，官至尚书水部郎。诗与阴铿齐名，世号阴何。文与刘孝绰齐名，世称何刘。其诗善於写景，工于炼字。为杜甫所推许，有集八卷，今失传，明人辑有何水部集一卷。后人称&quot;何记室&quot;或&quot;何水部&quot;。
边城思,南北朝,何逊,柳黄未吐叶，水绿半含苔。#春色边城动，客思故乡来。,N/A,南朝梁诗人，字仲言，东海郯(今山东省苍山县长城镇)人，何承天曾孙，宋员外郎何翼孙，齐太尉中军参军何询子。八岁能诗，弱冠州举秀才，官至尚书水部郎。诗与阴铿齐名，世号阴何。文与刘孝绰齐名，世称何刘。其诗善於写景，工于炼字。为杜甫所推许，有集八卷，今失传，明人辑有何水部集一卷。后人称&quot;何记室&quot;或&quot;何水部&quot;。
山中杂诗,南北朝,吴均,山际见来烟，竹中窥落日。#鸟向檐上飞，云从窗里出。,山与天相接的地方缭绕着阵阵云烟，从竹林的缝隙里看洒落下余晖的夕阳。鸟儿欢快地向房檐上飞去，洁白的云儿竟然从窗户里轻轻地飘了出来。,吴均（469年－520年），字叔庠。南朝梁史学家，文学家，时官吴兴主簿。明人辑有《吴朝清集》。
诏问山中何所有赋诗以答,南北朝,陶弘景,山中何所有，岭上多白云。#只可自怡悦，不堪持赠君。,你问我我山中有什么。那我就告诉你，这个山中只有白云，我拥有白云。只有在山中，我才拥有它，只要看到它，我才会有好的心情。所以我不会也不可能把它赠送给您。,陶弘景，南朝梁时丹阳秣陵（今江苏南京）人。著名的医药家、炼丹家、文学家，人称“山中宰相”。作品有《本草经集注》、《集金丹黄白方》、《二牛图》等。
入若耶溪,南北朝,王籍,艅艎何泛泛，空水共悠悠。#阴霞生远岫，阳景逐回流。#蝉噪林逾静，鸟鸣山更幽。#此地动归念，长年悲倦游。,我驾着小舟在若耶溪上悠闲地游玩，天空倒映在水中，水天相和，一起荡悠。晚霞从远处背阳的山头升起，阳光照耀着蜿蜒曲折的水流。蝉声高唱，树林却显得格外宁静；鸟鸣声声，深山里倒比往常更清幽。这地方让我生了归隐之心，我因多年来厌倦仕途却没有归隐而悲伤起来。,王籍（生卒年不详），字文海，琅邪临沂（今山东临沂市北）人。南朝梁诗人。因其《入若耶溪》一诗，而享誉王籍诗史。有文才，不得志。齐末为冠军行参军，累迁外兵记室。梁天监末任湘东王萧绎咨议参军，迁中散大夫等。王籍诗歌学谢灵运，《南史&183;王籍传》称“时人咸谓康乐之有王籍，如仲尼之有丘明，老聃之有庄周”。
蜀道难·其一,南北朝,萧纲,建平督邮道，鱼复永安宫。#若奏巴渝曲，时当君思中。,N/A,萧纲（503―551），梁代文学家。即南朝梁简文帝。字世缵。南兰陵（今江苏武进）人。梁武帝第三子。由于长兄萧统早死，他在中大通三年（531年）被立为太子。太清三年（549年），侯景之乱，梁武帝被囚饿死，萧纲即位，大宝二年（551年）为侯景所害。
蜀道难·其二,南北朝,萧纲,巫山七百里，巴水三回曲。#笛声下复高，猿啼断还续。,巫山之长有七百里，巴水的水流弯曲，曲折颇多。行在巴水之上，不断有阵阵悠扬的笛声传来，声调时高时低，两岸的猿啼不断，断了还续。,萧纲（503―551），梁代文学家。即南朝梁简文帝。字世缵。南兰陵（今江苏武进）人。梁武帝第三子。由于长兄萧统早死，他在中大通三年（531年）被立为太子。太清三年（549年），侯景之乱，梁武帝被囚饿死，萧纲即位，大宝二年（551年）为侯景所害。
晚出新亭,南北朝,阴铿,大江一浩荡，离悲足几重。#潮落犹如盖，云昏不作峰。#远戍唯闻鼓，寒山但见松。#九十方称半，归途讵有踪。,江水浩荡而去，离愁却袭上心来，真是几重波浪几重悲啊。尽管江上潮势已经低落，但汹涌翻滚的波涛仍然犹如高张的车盖，水面之上云雾沉沉，无有峰峦之状。戍鼓之声从远处隐隐传来，顿添几分肃杀之气；远眺江岸，唯有寒山老松，满目萧索。如果人的一生九十年，我才刚刚过去一半，现在孤舟远征，可叹征程艰难，归程无期。,阴铿（约511年－约563年），字子坚，武威姑臧（今甘肃武威）人。南北朝时代梁朝、陈朝著名诗人、文学家，其高祖袭迁居南平（在今湖北荆州地区），其父亲子春仕梁，为都督梁、秦二州刺史。铿幼年好学，能诵诗赋，长大后博涉史传，尤善五言诗，为当时所重，仕梁官湘东王萧绎法曹参军；入陈为始兴王陈伯茂府中录事参军，以文才为陈文帝所赞赏，累迁晋陵太守、员外、散骑常侍。约在陈文帝天嘉末年去世。阴铿的艺术风格同何逊相似，后人并称为“阴何”。
关山月,南北朝,徐陵,关山三五月，客子忆秦川。#思妇高楼上，当窗应未眠。#星旗映疏勒，云阵上祁连。#战气今如此，从军复几年。,十五的月亮映照在关山，征人思乡怀念秦川。（想必）妻子此时正站在高楼上，对着窗户遥望远在边关的我而没有睡觉。战争的旗帜飘扬在疏勒城头，密布的浓云笼罩在祁连山上。战争局势如此紧张，从军征战何时能够还乡。,"徐陵（507～583）字孝穆，东海郯（今山东郯城）人，徐摛之子。南朝梁陈间的诗人，文学家。早年即以诗文闻名。八岁能文，十二岁通《庄子》、《老子》。长大后，博涉史籍，有口才。梁武帝萧衍时期，任东宫学士，常出入禁闼，为当时宫体诗人，与庾信齐名，并称“徐庾”,与宋朝郭茂倩并称“乐府双壁。”入陈后历任尚书左仆射，中书监等职，继续宫体诗创作，诗文皆以轻靡绮艳见称。至德元年去世，时年七十七，赠镇右将军、特进，其侍中、左光禄、鼓吹、侯如故，谥曰章。有四子：徐俭，徐份，徐仪，徐僔。"
断句,南北朝,刘昶,白云满鄣来，黄尘暗天起。#关山四面绝，故乡几千里。,N/A,刘昶（435－498），刘昶，字休道，宋文帝子。
寄王琳,南北朝,庾信,玉关道路远，金陵信使疏。#独下千行泪，开君万里书。,身在玉门关外道路竟如此遥远，翘望故都金陵音信又何等稀疏。我现在激动地流下千行热泪，只因为拜读了您万里寄来的手书。,庾信（513—581）字子山，小字兰成，北周时期人。南阳新野（今属河南）人。他以聪颖的资质，在梁这个南朝文学的全盛时代积累了很高的文学素养，又来到北方，以其沉痛的生活经历丰富了创作的内容，并多少接受了北方文化的某些因素，从而形成自己的独特面貌。
作蚕丝,南北朝,佚名,春蚕不应老，昼夜常怀丝。#何惜微躯尽，缠绵自有时。,N/A,N/A
陇头歌辞三首,南北朝,佚名,陇头流水，流离山下。#念吾一身，飘然旷野。#朝发欣城，暮宿陇头。#寒不能语，舌卷入喉。#陇头流水，鸣声呜咽。#遥望秦川，心肝断绝。,（一）陇山的流水，流离了山下。想着我孤身一个人，翩然走在空旷的野外。（二）早上从欣城出发，晚上睡在陇山。冻得说不出话来，舌头都卷进了喉咙里。（三）陇山的流水，也发出呜咽的鸣声。遥望着秦川，心肝都要断绝了。,N/A
折杨柳歌辞五首,南北朝,佚名,上马不捉鞭，反折杨柳枝。#蹀座吹长笛，愁杀行客儿。#腹中愁不乐，愿作郎马鞭。#出入擐郎臂，蹀座郎膝边。#放马两泉泽，忘不著连羁。#担鞍逐马走，何见得马骑。#遥看孟津河，杨柳郁婆娑。#我是虏家儿，不解汉儿歌。#健儿须快马，快马须健儿。#跸跋黄尘下，然后别雄雌。,N/A,N/A
敕勒歌,南北朝,乐府诗集,敕勒川，阴山下。#天似穹庐，笼盖四野。#天苍苍，野茫茫。#风吹草低见牛羊。,阴山脚下啊，有敕勒族生活的大平原。敕勒川的天空啊，它的四面与大地相连，看起来好像牧民们居住的毡帐一般。蓝天下的草原啊，都翻滚着绿色的波澜，那风吹到草低处，有一群群的牛羊时隐时现。,N/A
于长安归还扬州九月九日行薇山亭赋韵,南北朝,江总,心逐南云逝，形随北雁来。#故乡篱下菊，今日几花开。,我的心追逐南去的云远逝了，身体却随着秋季由北向南飞回的大雁归来。故乡家里篱笆下栽种的菊花，今日又开了几朵呢？,江总（519～594）著名南朝陈大臣、文学家。字总持，祖籍济阳考城（今河南兰考）。出身高门，幼聪敏，有文才。年十八，为宣惠武陵王府法曹参军，迁尚书殿中郎。所作诗篇深受梁武帝赏识，官至太常卿。张缵、王筠、刘之遴，乃一时高才学士，皆对江总雅相推重，与之为忘年友。侯景之乱后，避难会稽，流寓岭南，至陈文帝天嘉四年（563）才被征召回建康，任中书侍郎。陈后主时，官至尚书令，故世称“江令”。任上“总当权宰，不持政务，但日与后主游宴后庭”，“由是国政日颓，纲纪不立”（《陈书&183;江总传》）。隋文帝开皇九年(589)灭陈，江总入隋为上开府，后放回江南，去世于江都（今江苏扬州）。
人日思归,隋代,薛道衡,入春才七日，离家已二年。#人归落雁后，思发在花前。,入春已经七天了，离开家已经有两年了。回家的日子要落在春回大地北飞的雁群之后了，但是想回家的念头却在春花开放以前就有了。,薛道衡(540～609)隋代诗人。字玄卿。汉族，河东汾阴(今山西万荣)人。历仕北齐、北周。隋朝建立后，任内史侍郎，加开府仪同三司。炀帝时，出为番州刺史，改任司隶大夫。他和卢思道齐名，在隋代诗人中艺术成就最高。有集30卷已佚。今存《薛司隶集》1卷。《先秦汉魏晋南北朝诗》录存其诗20余首，《全上古三代秦汉三国六朝文》录存其文8篇。事迹见《隋书》、《北史》本传。
侍宴咏石榴,唐代,孔绍安,可惜庭中树，移根逐汉臣。#只为来时晚，花开不及春。,可怜庭院中的石榴树，跟随着张骞，被从西域移植到了中原。只是因为到中原的时间比其它植物晚，所以赶不上春天，无法同其它植物竞相开放。,孔绍安（约577-622），字不详，越州山阴人，孔奂长子，孔子三十三代孙。生于陈宣帝太建九年，约卒于唐高祖武德中年，约四十六岁。少于兄绍新俱以文词知名。年十三，陈亡入隋，徙居京兆鄂县，闭门读书，诵古文集数十万言。外兄虞世南异之。与词人孙万寿为忘年之好，时人称为“孙、孔”。大业末，为监察御史。李渊讨贼河东，绍安为监军。李渊受禅，绍安自洛阳间行来奔，拜内史舍人，赐赍甚厚。尝因侍宴应诏咏石榴诗云：“只为时来晚，开花不及春”。为人称诵。寻诏撰梁史，未就而卒。绍安著有文集五十卷，（旧唐书志作三卷，本传作五卷。此从新唐书志）传于世。
塞上,宋代,柳开,鸣骹直上一千尺，天静无风声更干。#碧眼胡儿三百骑，尽提金勒向云看。,响箭鸣叫着冲上云霄，草原之上无风，天地间一片安宁，显得响箭的声音更加清脆洪亮。数百个有着碧绿眼珠的矫健的外族骑士，纷纷提着带金勒向云端看去。,柳开（947～1000）北宋散文家。原名肩愈，字绍先（一作绍元），号东郊野夫；后改名开，字仲涂，号补亡先生，大名（今属河北）人。开宝六年进士，历任州、军长官，殿中侍御史，提倡韩愈、柳宗元的散文，以复兴古道、述作经典自命。反对宋初的华靡文风，为宋代古文运动倡导者。作品文字质朴，然有枯涩之病，有《河东先生集》。诗作现存八首。
柳枝词,宋代,郑文宝,亭亭画舸系春潭，直到行人酒半酣。#不管烟波与风雨，载将离恨过江南。,那高高的画船，系在春水边，一动不动。它在等谁？哦，是外出的游子，喝着别离的酒，情意正浓。游子惜别，画船可不管；无论是烟波浩荡，无论是风吹雨打，它总是带着满船离愁别恨，驶向江南。,郑文宝（953～1013）字仲贤，一字伯玉，汀洲宁化（今属福建）人，郑彦华子。太平兴国八年进士，师事徐铉，仕南唐为校书郎，历官陕西转运使、兵部员外郎。善篆书，工琴，以诗名世，风格清丽柔婉，所作多警句，为欧阳修、司马光所称赏。著有《江表志》、《南唐近事》等。
村行,宋代,王禹偁,马穿山径菊初黄，信马悠悠野兴长。#万壑有声含晚籁，数峰无语立斜阳。#棠梨叶落胭脂色，荞麦花开白雪香。#何事吟余忽惆怅，村桥原树似吾乡。,N/A,王禹偁（954—1001）北宋白体诗人、散文家。字元之，汉族，济州巨野（今山东省巨野县）人，晚被贬于黄州，世称王黄州。太平兴国八年进士，历任右拾遗、左司谏、知制诰、翰林学士。敢于直言讽谏，因此屡受贬谪。真宗即位，召还，复知制诰。后贬知黄州，又迁蕲州病死。王禹偁为北宋诗文革新运动的先驱，文学韩愈、柳宗元，诗崇杜甫、白居易，多反映社会现实，风格清新平易。词仅存一首，反映了作者积极用世的政治抱负，格调清新旷远。著有《小畜集》。
春居杂兴·两株桃杏映篱斜,宋代,王禹偁,两株桃杏映篱斜，妆点商州副使家。#何事春风容不得？#和莺吹折数枝花。,两株桃树和杏树斜映着篱笆，点缀着商山团练副使的家。为什么春风竟然容不得这些，惊走了莺黄又吹折数枝花。,王禹偁（954—1001）北宋白体诗人、散文家。字元之，汉族，济州巨野（今山东省巨野县）人，晚被贬于黄州，世称王黄州。太平兴国八年进士，历任右拾遗、左司谏、知制诰、翰林学士。敢于直言讽谏，因此屡受贬谪。真宗即位，召还，复知制诰。后贬知黄州，又迁蕲州病死。王禹偁为北宋诗文革新运动的先驱，文学韩愈、柳宗元，诗崇杜甫、白居易，多反映社会现实，风格清新平易。词仅存一首，反映了作者积极用世的政治抱负，格调清新旷远。著有《小畜集》。
柳,宋代,寇准,晓带轻烟间杏花，晚凝深翠拂平沙。#长条别有风流处，密映钱塘苏小家。,N/A,莱国忠愍公寇准（961-1023），字平仲。汉族，华州下邽(今陕西渭南）人。北宋政治家﹑诗人。太平兴国五年进士，授大理评事，知归州巴东、大名府成安县。天禧元年，改山南东道节度使，再起为相（中书侍郎兼吏部尚书、同平章事、景灵宫使）。天圣元年(1023)九月，又贬寇准衡州司马，是时寇准病笃，诏至，抱病赴衡州（今衡阳）任，病故于竹榻之上，妻子宋氏奏乞归葬故里。皇佑四年，诏翰林学士孙抃撰神道碑，帝为篆其首曰“旌忠”。寇准善诗能文，七绝尤有韵味，今传《寇忠愍诗集》三卷。
书河上亭壁,宋代,寇准,岸阔樯稀波渺茫，独凭危槛思何长。#萧萧远树疏林外，一半秋山带夕阳。,宽阔的黄河，只有不多几条船在航行，眼前是波浪滚滚，一派渺茫。我独自登上河边的亭子，斜靠着栏杆，愁绪像河水，源源不断。那河边、远处，萧瑟秋风中，有片稀疏的树林，林后是耸立的高山，一半沐浴着西斜的阳光。,莱国忠愍公寇准（961-1023），字平仲。汉族，华州下邽(今陕西渭南）人。北宋政治家﹑诗人。太平兴国五年进士，授大理评事，知归州巴东、大名府成安县。天禧元年，改山南东道节度使，再起为相（中书侍郎兼吏部尚书、同平章事、景灵宫使）。天圣元年(1023)九月，又贬寇准衡州司马，是时寇准病笃，诏至，抱病赴衡州（今衡阳）任，病故于竹榻之上，妻子宋氏奏乞归葬故里。皇佑四年，诏翰林学士孙抃撰神道碑，帝为篆其首曰“旌忠”。寇准善诗能文，七绝尤有韵味，今传《寇忠愍诗集》三卷。
咏傀儡,宋代,杨亿,鲍老当筵笑郭郎，笑他舞袖太郎当。#若教鲍老当筵舞，转更郎当舞袖长。,N/A,杨亿（974—1020）北宋文学家，“西昆体”诗歌主要作家。字大年，建州浦城（今属福建浦城县）人。年十一，太宗闻其名，诏送阙下试诗赋，授秘书省正字。淳化中赐进士，曾为翰林学士兼史馆修撰，官至工部侍郎。性耿介，尚气节，在政治上支持丞相寇准抵抗辽兵入侵。又反对宋真宗大兴土木，求仙祀神的迷信活动。卒谥文，人称杨文公。
山园小梅二首,宋代,林逋,众芳摇落独暄妍，占尽风情向小园。#疏影横斜水清浅，暗香浮动月黄昏。#霜禽欲下先偷眼，粉蝶如知合断魂。#幸有微吟可相狎，不须檀板共金樽。#剪绡零碎点酥乾，向背稀稠画亦难。#日薄从甘春至晚，霜深应怯夜来寒。#澄鲜只共邻僧惜，冷落犹嫌俗客看。#忆着江南旧行路，酒旗斜拂堕吟鞍。,N/A,林逋（967一1028）字君复，汉族，浙江大里黄贤村人（一说杭州钱塘）。幼时刻苦好学，通晓经史百家。书载性孤高自好，喜恬淡，勿趋荣利。长大后，曾漫游江淮间，后隐居杭州西湖，结庐孤山。常驾小舟遍游西湖诸寺庙，与高僧诗友相往还。每逢客至，叫门童子纵鹤放飞，林逋见鹤必棹舟归来。作诗随就随弃，从不留存。1028年（天圣六年）卒。其侄林彰（朝散大夫）、林彬（盈州令）同至杭州，治丧尽礼。宋仁宗赐谥“和靖先生”。
落花,宋代,宋祁,坠素翻红各自伤，青楼烟雨忍相忘。#将飞更作回风舞，已落犹成半面妆。#沧海客归珠有泪，章台人去骨遗香。#可能无意传双蝶，尽付芳心与蜜房。,"满天都是飞舞的落花,带着各自的伤感，在烟雨迷蒙的青楼里，我不由想起故人，怎么舍得忘记呢。花儿在空中仿佛随着美人吟唱的曲子纷纷飘落，花落了，恰似化了半面妆的美人，楚楚可怜。我这流浪的人儿看了落花的情景，不由感同身受，泪流满面，这种心境犹如繁华的街头游人离去一样空荡落寞，只有落花的残香还飘散在空中，引来了两只美丽的蝴蝶，把它们的爱情全部酿成甜美的蜜。",宋祁（998～1061）北宋文学家。字子京，安州安陆（今湖北安陆）人，后徙居开封雍丘（今河南杞县）。天圣二年进士，官翰林学士、史馆修撰。与欧阳修等合修《新唐书》，书成，进工部尚书，拜翰林学士承旨。卒谥景文，与兄宋庠并有文名，时称“二宋”。诗词语言工丽，因《玉楼春》词中有“红杏枝头春意闹”句，世称“红杏尚书”。
宿甘露寺僧舍,宋代,曾公亮,枕中云气千峰近，床底松声万壑哀。#要看银山拍天浪，开窗放入大江来。,床枕上弥漫着云气，使我恍若睡在千峰之上；阵阵松涛从万壑传来，似乎就在我床底下轰响。我忍不住想去看那如山般高高涌过的波浪，一打开窗户，滚滚长江仿佛扑进了我的窗栏。,曾公亮（998年－1078年）北宋著名政治家、军事家、军火家、思想家。字明仲，号乐正，汉族，泉州晋江（今福建泉州市）人。仁宗天圣二年进士，仕仁宗、英宗、神宗三朝，历官知县、知州，知府、知制诰、翰林学士、端明殿学士，参知政事，枢密使和同中书门下平章事等。封兖国公，鲁国公，卒赠太师、中书令，配享英宗庙廷，赐谥宣靖。曾公亮与丁度承旨编撰《武经总要》，为中国古代第一部官方编纂的军事科学百科全书。
东溪,宋代,梅尧臣,行到东溪看水时，坐临孤屿发船迟。#野凫眠岸有闲意，老树着花无丑枝。#短短蒲茸齐似剪，平平沙石净于筛。#情虽不厌住不得，薄暮归来车马疲。,我来到东溪边观赏溪景，面对着水中的孤石迟迟舍不得上船离开。野鸭在岸边睡着，充满闲情逸趣；老树伸展着秀丽的枝干，繁花似锦，惹人喜爱。溪旁短短的蒲草整齐得似乎经过修剪，平坦的沙岸，洁白的沙石仿佛多次被粗选细筛。我虽然迷上了这里但不得不回去，傍晚到家马儿已累得精疲力衰。,梅尧臣（1002～1060）字圣俞，世称宛陵先生，北宋著名现实主义诗人。汉族，宣州宣城（今属安徽）人。宣城古称宛陵，世称宛陵先生。初试不第，以荫补河南主簿。50岁后，于皇祐三年（1051）始得宋仁宗召试，赐同进士出身，为太常博士。以欧阳修荐，为国子监直讲，累迁尚书都官员外郎，故世称“梅直讲”、“梅都官”。曾参与编撰《新唐书》，并为《孙子兵法》作注，所注为孙子十家著（或十一家著）之一。有《宛陵先生集》60卷，有《四部丛刊》影明刊本等。词存二首。
鲁山山行,宋代,梅尧臣,适与野情惬，千山高复低。#好峰随处改，幽径独行迷。#霜落熊升树，林空鹿饮溪。#人家在何许？#云外一声鸡。,清晨，连绵起伏的鲁山，千峰竞秀，忽高忽低，蔚为壮观，正好迎合了我爱好自然景色的情趣。一路上，奇峰峻岭在眼前不断地变换，沉醉于一人在蜿蜒幽深的小路上游览的野趣，竟忘了走到了什么地方。太阳高升，霜雪融落，山林显得愈加寂静空荡，笨熊正在缓慢地爬着大树，鹿儿正在悠闲地喝着小溪的潺潺流水。看不到房舍，也望不见炊烟，我心中不禁疑问，山里是否也有人家居住？就在这时，忽听得远处云雾缭绕的山间传来一声鸡鸣。,梅尧臣（1002～1060）字圣俞，世称宛陵先生，北宋著名现实主义诗人。汉族，宣州宣城（今属安徽）人。宣城古称宛陵，世称宛陵先生。初试不第，以荫补河南主簿。50岁后，于皇祐三年（1051）始得宋仁宗召试，赐同进士出身，为太常博士。以欧阳修荐，为国子监直讲，累迁尚书都官员外郎，故世称“梅直讲”、“梅都官”。曾参与编撰《新唐书》，并为《孙子兵法》作注，所注为孙子十家著（或十一家著）之一。有《宛陵先生集》60卷，有《四部丛刊》影明刊本等。词存二首。
陶者,宋代,梅尧臣,陶尽门前土，屋上无片瓦。#十指不沾泥，鳞鳞居大厦。,烧瓦工人成天挖呀挖，门前的土都挖光了，可自家的屋上却没有一片瓦。那些富贵人家，十指连泥也不碰一下，却住在铺满瓦片的高楼大厦。,梅尧臣（1002～1060）字圣俞，世称宛陵先生，北宋著名现实主义诗人。汉族，宣州宣城（今属安徽）人。宣城古称宛陵，世称宛陵先生。初试不第，以荫补河南主簿。50岁后，于皇祐三年（1051）始得宋仁宗召试，赐同进士出身，为太常博士。以欧阳修荐，为国子监直讲，累迁尚书都官员外郎，故世称“梅直讲”、“梅都官”。曾参与编撰《新唐书》，并为《孙子兵法》作注，所注为孙子十家著（或十一家著）之一。有《宛陵先生集》60卷，有《四部丛刊》影明刊本等。词存二首。
考试毕登铨楼,宋代,梅尧臣,春云浓淡日微光，双阙重门耸建章。#不上楼来知几日，满城无算柳梢黄。,天上有一点淡淡的白云，春日的阳光轻轻地照在不远处高耸的楼宇上。才几天不上楼来，想不到满城的柳树枝头，就吐出了无数淡黄色的嫩芽。,梅尧臣（1002～1060）字圣俞，世称宛陵先生，北宋著名现实主义诗人。汉族，宣州宣城（今属安徽）人。宣城古称宛陵，世称宛陵先生。初试不第，以荫补河南主簿。50岁后，于皇祐三年（1051）始得宋仁宗召试，赐同进士出身，为太常博士。以欧阳修荐，为国子监直讲，累迁尚书都官员外郎，故世称“梅直讲”、“梅都官”。曾参与编撰《新唐书》，并为《孙子兵法》作注，所注为孙子十家著（或十一家著）之一。有《宛陵先生集》60卷，有《四部丛刊》影明刊本等。词存二首。
初晴游沧浪亭,宋代,苏舜钦,夜雨连明春水生，娇云浓暖弄阴晴。#帘虚日薄花竹静，时有乳鸠相对鸣。,一夜春雨，直至天明方才停歇，河水涨了起来，云儿浓厚，遮掩天空，时晴时阴，天气也暖和。帘内无人，日色暗淡，花丛、竹丛一片寂静，不时从中冒出几声小鸟的对鸣声。,苏舜钦（1008—1048）北宋诗人，字子美，开封（今属河南）人，曾祖父由梓州铜山（今四川中江）迁至开封（今属河南）。曾任县令、大理评事、集贤殿校理，监进奏院等职。因支持范仲淹的庆历革新，为守旧派所恨，御史中丞王拱辰让其属官劾奏苏舜钦，劾其在进奏院祭神时，用卖废纸之钱宴请宾客。罢职闲居苏州。后来复起为湖州长史，但不久就病故了。他与梅尧臣齐名，人称“梅苏”。有《苏学士文集》诗文集有《苏舜钦集》16卷，《四部丛刊》影清康熙刊本。1981年上海古籍出版社出版《苏舜钦集》。
夏意,宋代,苏舜钦,别院深深夏席清，石榴开遍透帘明。#树阴满地日当午，梦觉流莺时一声。,小院幽深寂静，我躺在竹席上，浑身清凉；窗外的石榴花盛开，透过垂挂的竹帘，映红了虚堂。浓密的树阴隔断了暑气，正是中午时分，我一觉醒来，耳边传来黄莺儿断续的啼唱。,苏舜钦（1008—1048）北宋诗人，字子美，开封（今属河南）人，曾祖父由梓州铜山（今四川中江）迁至开封（今属河南）。曾任县令、大理评事、集贤殿校理，监进奏院等职。因支持范仲淹的庆历革新，为守旧派所恨，御史中丞王拱辰让其属官劾奏苏舜钦，劾其在进奏院祭神时，用卖废纸之钱宴请宾客。罢职闲居苏州。后来复起为湖州长史，但不久就病故了。他与梅尧臣齐名，人称“梅苏”。有《苏学士文集》诗文集有《苏舜钦集》16卷，《四部丛刊》影清康熙刊本。1981年上海古籍出版社出版《苏舜钦集》。
蚕妇,宋代,张俞,昨日入城市，归来泪满巾。#遍身罗绮者，不是养蚕人。,一个住在乡下以养蚕为生的妇女，昨天到城市里去赶集并且出售蚕丝。回来的时候，她却是泪流不断，伤心的泪水甚至把手巾都浸湿了。因为她在都市中看到，全身穿着美丽的丝绸衣服的人，根本不是像她这样辛苦劳动的养蚕人！,张俞（《宋史》作张愈），生卒年不详，北宋文学家。字少愚，又字才叔，号白云先生，益州郫（今四川郫县）人，祖籍河东（今山西）。屡举不第，因荐除秘书省校书郎，愿以授父而自隐于家。文彦博治蜀，为筑室青城山白云溪。著有《白云集》，已佚。
晚泊岳阳,宋代,欧阳修,卧闻岳阳城里钟，系舟岳阳城下树。#正见空江明月来，云水苍茫失江路。#夜深江月弄清辉，水上人歌月下归；一阕声长听不尽，轻舟短楫去如飞。,我躺在船上听到岳阳城里的钟声，航船就系在岳阳城边的树上。江面空阔，明月渐渐升起，天水相连，夜气漾漾，江路茫茫。夜深了，江上的月色特别皎洁，又传来舟子晚归时的歌声。一串长长的歌声还在耳边回响，可舟子荡起船桨，如飞似的驶过我停泊的地方。,欧阳修（1007－1072），字永叔，号醉翁，晚号“六一居士”。汉族，吉州永丰（今江西省永丰县）人，因吉州原属庐陵郡，以“庐陵欧阳修”自居。谥号文忠，世称欧阳文忠公。北宋政治家、文学家、史学家，与韩愈、柳宗元、王安石、苏洵、苏轼、苏辙、曾巩合称“唐宋八大家”。后人又将其与韩愈、柳宗元和苏轼合称“千古文章四大家”。
画眉鸟,宋代,欧阳修,百啭千声随意移，山花红紫树高低。#始知锁向金笼听，不及林间自在啼。,来到树林里，看到画眉鸟在开满红红紫紫山花的枝头自由自在地飞翔，听到它们在高高低低的树梢上随着自己的心意尽情愉快地唱歌，不由得感慨到：如果把它们锁起来，即使是锁在金笼里，它们也不会唱出这样美妙的歌声了。因为自由是生活愉快的先决条件。鸟是这样，人不也是这样吗？,欧阳修（1007－1072），字永叔，号醉翁，晚号“六一居士”。汉族，吉州永丰（今江西省永丰县）人，因吉州原属庐陵郡，以“庐陵欧阳修”自居。谥号文忠，世称欧阳文忠公。北宋政治家、文学家、史学家，与韩愈、柳宗元、王安石、苏洵、苏轼、苏辙、曾巩合称“唐宋八大家”。后人又将其与韩愈、柳宗元和苏轼合称“千古文章四大家”。
戏答元珍,宋代,欧阳修,春风疑不到天涯，二月山城未见花。#残雪压枝犹有桔，冻雷惊笋欲抽芽。#夜闻归雁生乡思，病入新年感物华。#曾是洛阳花下客，野芳虽晚不须嗟。,我怀疑春风吹不到这荒远的天涯，不然已是二月这山城怎么还看不见春花？残余的积雪压在枝头好象有碧桔在摇晃，春雷震破冰冻那竹笋也被惊醒想发嫩芽。夜晚听到归雁啼叫勾起我对故乡的思念，带着病进入新的一年面对春色有感而发。我曾在洛阳做官观赏过那里的奇花异草，山城野花开得虽迟也不必为此嗟叹惊讶。,欧阳修（1007－1072），字永叔，号醉翁，晚号“六一居士”。汉族，吉州永丰（今江西省永丰县）人，因吉州原属庐陵郡，以“庐陵欧阳修”自居。谥号文忠，世称欧阳文忠公。北宋政治家、文学家、史学家，与韩愈、柳宗元、王安石、苏洵、苏轼、苏辙、曾巩合称“唐宋八大家”。后人又将其与韩愈、柳宗元和苏轼合称“千古文章四大家”。
丰乐亭游春·其三,宋代,欧阳修,红树青山日欲斜，长郊草色绿无涯。#游人不管春将老，来往亭前踏落花。,红花满树，青山隐隐，日已偏西。广漠的郊野，草色青绿，看不见边际。游春的人们，兴趣正浓，哪管春天将去。丰乐亭前，人来人往，落花遍地。,欧阳修（1007－1072），字永叔，号醉翁，晚号“六一居士”。汉族，吉州永丰（今江西省永丰县）人，因吉州原属庐陵郡，以“庐陵欧阳修”自居。谥号文忠，世称欧阳文忠公。北宋政治家、文学家、史学家，与韩愈、柳宗元、王安石、苏洵、苏轼、苏辙、曾巩合称“唐宋八大家”。后人又将其与韩愈、柳宗元和苏轼合称“千古文章四大家”。
别滁,宋代,欧阳修,花光浓烂柳轻明，酌酒花前送我行。#我亦且如常日醉，莫教弦管作离声。,花光多么绚烂浓郁，绿柳丝丝轻柔鲜明，人们在花前安排酒宴，热情地为我送行。我只不过是像平日一样和大家一同相聚畅饮，请不要让管弦奏出令人感伤的离别哀音。,欧阳修（1007－1072），字永叔，号醉翁，晚号“六一居士”。汉族，吉州永丰（今江西省永丰县）人，因吉州原属庐陵郡，以“庐陵欧阳修”自居。谥号文忠，世称欧阳文忠公。北宋政治家、文学家、史学家，与韩愈、柳宗元、王安石、苏洵、苏轼、苏辙、曾巩合称“唐宋八大家”。后人又将其与韩愈、柳宗元和苏轼合称“千古文章四大家”。
乡思,宋代,李觏,人言落日是天涯，望极天涯不见家。#已恨碧山相阻隔，碧山还被暮云遮。,人们说，那太阳落山的地方就是天涯，我竭力朝天涯眺望，也没法看到我的家。正在恼恨眼前的青山遮断了我的视线，重重暮云，又把青山密遮。,李觏(1009—1059)，字泰伯，号盱江先生，是我国北宋时期一位重要的哲学家、思想家、教育家、改革家，他生当北宋中期“积贫积弱”之世，虽出身寒微，但能刻苦自励、奋发向学、勤于著述，以求康国济民。他俊辩能文，举茂才异等不中，讲学自给，来学者常数十百人。李觏博学通识，尤长于礼。他不拘泥于汉、唐诸儒的旧说，敢于抒发己见，推理经义，成为“一时儒宗”。今存《直讲李先生文集》三十七卷，有《外集》三卷附后。为纪念李觏，资溪县建有泰伯公园，塑有李觏雕像，李觏纪念馆正在建设之中。
梅花,宋代,王安石,墙角数枝梅，凌寒独自开。#遥知不是雪，为有暗香来。,那墙角的几枝梅花，冒着严寒独自盛开。为什么远望就知道洁白的梅花不是雪呢？因为梅花隐隐传来阵阵的香气。,王安石（1021年12月18日－1086年5月21日），字介甫，号半山，谥文，封荆国公。世人又称王荆公。汉族，北宋抚州临川人（今江西省抚州市临川区邓家巷人），中国北宋著名政治家、思想家、文学家、改革家，唐宋八大家之一。欧阳修称赞王安石：“翰林风月三千首，吏部文章二百年。老去自怜心尚在，后来谁与子争先。”传世文集有《王临川集》、《临川集拾遗》等。其诗文各体兼擅，词虽不多，但亦擅长，且有名作《桂枝香》等。而王荆公最得世人哄传之诗句莫过于《泊船瓜洲》中的“春风又绿江南岸，明月何时照我还。”
叠题乌江亭,宋代,王安石,百战疲劳壮士哀，中原一败势难回。#江东子弟今虽在，肯与君王卷土来？,上百次的征战使壮士疲劳、士气低落，中原之战的失败之势再难挽回。虽然江东子弟现在仍在，但他们是否还愿意跟楚霸王卷土重来？,王安石（1021年12月18日－1086年5月21日），字介甫，号半山，谥文，封荆国公。世人又称王荆公。汉族，北宋抚州临川人（今江西省抚州市临川区邓家巷人），中国北宋著名政治家、思想家、文学家、改革家，唐宋八大家之一。欧阳修称赞王安石：“翰林风月三千首，吏部文章二百年。老去自怜心尚在，后来谁与子争先。”传世文集有《王临川集》、《临川集拾遗》等。其诗文各体兼擅，词虽不多，但亦擅长，且有名作《桂枝香》等。而王荆公最得世人哄传之诗句莫过于《泊船瓜洲》中的“春风又绿江南岸，明月何时照我还。”
元日,宋代,王安石,爆竹声中一岁除，春风送暖入屠苏。#千门万户曈曈日，总把新桃换旧符。,阵阵轰鸣的爆竹声中，旧的一年已经过去；和暖的春风吹来了新年，人们欢乐地畅饮着新酿的屠苏酒。初升的太阳照耀着千家万户，他们都忙着把旧的桃符取下，换上新的桃符。,王安石（1021年12月18日－1086年5月21日），字介甫，号半山，谥文，封荆国公。世人又称王荆公。汉族，北宋抚州临川人（今江西省抚州市临川区邓家巷人），中国北宋著名政治家、思想家、文学家、改革家，唐宋八大家之一。欧阳修称赞王安石：“翰林风月三千首，吏部文章二百年。老去自怜心尚在，后来谁与子争先。”传世文集有《王临川集》、《临川集拾遗》等。其诗文各体兼擅，词虽不多，但亦擅长，且有名作《桂枝香》等。而王荆公最得世人哄传之诗句莫过于《泊船瓜洲》中的“春风又绿江南岸，明月何时照我还。”
泊船瓜洲,宋代,王安石,京口瓜洲一水间，钟山只隔数重山。#春风又绿江南岸，明月何时照我还？,京口和瓜洲不过一水之遥，钟山也只隔着几重青山。温柔的春风又吹绿了大江南岸，可是，天上的明月呀，你什么时候才能够照着我回家呢？,王安石（1021年12月18日－1086年5月21日），字介甫，号半山，谥文，封荆国公。世人又称王荆公。汉族，北宋抚州临川人（今江西省抚州市临川区邓家巷人），中国北宋著名政治家、思想家、文学家、改革家，唐宋八大家之一。欧阳修称赞王安石：“翰林风月三千首，吏部文章二百年。老去自怜心尚在，后来谁与子争先。”传世文集有《王临川集》、《临川集拾遗》等。其诗文各体兼擅，词虽不多，但亦擅长，且有名作《桂枝香》等。而王荆公最得世人哄传之诗句莫过于《泊船瓜洲》中的“春风又绿江南岸，明月何时照我还。”
登飞来峰,宋代,王安石,飞来山上千寻塔，闻说鸡鸣见日升。#不畏浮云遮望眼，只缘身在最高层。,韵译听说在飞来峰极高的塔上，鸡鸣时分可看到旭日初升。不怕浮云会遮住我的视线，只因为如今我身在最高层。,王安石（1021年12月18日－1086年5月21日），字介甫，号半山，谥文，封荆国公。世人又称王荆公。汉族，北宋抚州临川人（今江西省抚州市临川区邓家巷人），中国北宋著名政治家、思想家、文学家、改革家，唐宋八大家之一。欧阳修称赞王安石：“翰林风月三千首，吏部文章二百年。老去自怜心尚在，后来谁与子争先。”传世文集有《王临川集》、《临川集拾遗》等。其诗文各体兼擅，词虽不多，但亦擅长，且有名作《桂枝香》等。而王荆公最得世人哄传之诗句莫过于《泊船瓜洲》中的“春风又绿江南岸，明月何时照我还。”
春夜,宋代,王安石,金炉香烬漏声残，翦翦轻风阵阵寒。#春色恼人眠不得，月移花影上栏杆。,夜已经深了，香炉里的香早已经燃尽，漏壶里的水也快漏完了。后半夜的春风给人带来阵阵的寒意。然而春天的景色却使人心烦意乱，只看见随着月亮的移动，花木的影子悄悄地爬上了栏杆。,王安石（1021年12月18日－1086年5月21日），字介甫，号半山，谥文，封荆国公。世人又称王荆公。汉族，北宋抚州临川人（今江西省抚州市临川区邓家巷人），中国北宋著名政治家、思想家、文学家、改革家，唐宋八大家之一。欧阳修称赞王安石：“翰林风月三千首，吏部文章二百年。老去自怜心尚在，后来谁与子争先。”传世文集有《王临川集》、《临川集拾遗》等。其诗文各体兼擅，词虽不多，但亦擅长，且有名作《桂枝香》等。而王荆公最得世人哄传之诗句莫过于《泊船瓜洲》中的“春风又绿江南岸，明月何时照我还。”
春日偶成,宋代,程颢,云淡风轻近午天，傍花随柳过前川。#时人不识余心乐，将谓偷闲学少年。,云儿淡，风儿轻，时近春日中午，傍着花，随着柳，我向河岸漫步。这惬意的春游呀，人们并不了解，将会说我忙里偷闲，强学少年童。,程颢（1032-1085），北宋哲学家、教育家、北宋理学的奠基者。字伯淳，学者称明道先生。洛阳（今属河南）人。神宗朝任太子中允监察御史里行。反对王安石新政。提出“天者理也”和“只心便是天，尽之便知性”的命题，认为“仁者浑然与物同体，义礼知信皆仁也”，识得此理，便须“以诚敬存之”（同上）。倡导“传心”说。承认“天地万物之理，无独必有对”。程颢学说在理学发展史上占有重要地位，后来为朱熹所继承和发展，世称程朱学派。其亲撰及后人集其言论所编的著述书籍，收入《二程全书》。
新晴,宋代,刘攽,青苔满地初晴后，绿树无人昼梦余。#唯有南风旧相识，偷开门户又翻书。,夏日初晴，诗人午睡醒来，只看到窗外的绿树和青苔。忽然一阵南风把房门吹开，又掀起桌上的书页，诗人说这是他的老相识，来偷偷访问他了。,刘攽bān（1023～1089）北宋史学家，刘敞之弟。字贡夫，一作贡父、赣父，号公非。临江新喻（今江西新余）人，一说江西樟树人。庆历进士，历任曹州、兖州、亳州、蔡州知州，官至中书舍人。一生潜心史学，治学严谨。助司马光纂修《资治通鉴》，充任副主编，负责汉史部分，著有《东汉刊误》等。
雨后池上,宋代,刘攽,一雨池塘水面平，淡磨明镜照檐楹。#东风忽起垂杨舞，更作荷心万点声。,N/A,刘攽bān（1023～1089）北宋史学家，刘敞之弟。字贡夫，一作贡父、赣父，号公非。临江新喻（今江西新余）人，一说江西樟树人。庆历进士，历任曹州、兖州、亳州、蔡州知州，官至中书舍人。一生潜心史学，治学严谨。助司马光纂修《资治通鉴》，充任副主编，负责汉史部分，著有《东汉刊误》等。
暑旱苦热,宋代,王令,清风无力屠得热，落日着翅飞上山。#人固已惧江海竭，天岂不惜河汉干？#昆仑之高有积雪，蓬莱之远常遗寒。#不能手提天下往，何忍身去游其间？,清风没有力量驱赶暑天的炎热，那西坠的太阳仿佛生了翅膀，飞旋在山头，不肯下降。人们个个担心这样干旱江湖大海都要枯竭，难道老天就不怕耿耿银河被晒干？高高的昆仑山有常年不化的积雪，遥远的蓬莱岛有永不消失的清凉。我不能够携带天下人一起去避暑，又怎能忍心独自一个，到那儿去逍遥徜徉？,王令（1032～1059）北宋诗人。初字钟美，后改字逢原。原籍元城（今河北大名）。5岁丧父母，随其叔祖王乙居广陵（今江苏扬州）。长大后在天长、高邮等地以教学为生，有治国安民之志。王安石对其文章和为人皆甚推重。有《广陵先生文章》、《十七史蒙求》。
送春,宋代,王令,三月残花落更开，小檐日日燕飞来。#子规夜半犹啼血，不信东风唤不回。,暮春三月花败又花开，矮矮屋檐下燕子飞走又回来。只那眷恋春光的杜鹃鸟仍在夜半悲啼，不相信春风唤不回。,王令（1032～1059）北宋诗人。初字钟美，后改字逢原。原籍元城（今河北大名）。5岁丧父母，随其叔祖王乙居广陵（今江苏扬州）。长大后在天长、高邮等地以教学为生，有治国安民之志。王安石对其文章和为人皆甚推重。有《广陵先生文章》、《十七史蒙求》。
村居,宋代,张舜民,水绕陂田竹绕篱，榆钱落尽槿花稀。#夕阳牛背无人卧，带得寒鸦两两归。,流水环绕着水田，篱笆外种满了绿竹；榆钱已经落尽，槿花也变得稀疏。夕阳西下，牛背上没有牧童骑卧，只带着成对的乌鸦，漫步在回村的小路。,"张舜民生卒年不详，北宋文学家、画家。字芸叟，自号浮休居士，又号矴斋。邠州（今陕西彬县）人。诗人陈师道之姊夫。英宗治平二年(1065)进士，为襄乐令。元丰中，环庆帅高遵裕辟掌机密文字。元祐初做过监察御史。为人刚直敢言。徽宗时升任右谏议大夫,任职七天,言事达60章，不久以龙图阁待制知定州。后又改知同州。曾因元祐党争事，牵连治罪，被贬为楚州团练副使，商州安置。后又出任过集贤殿修撰。"
咏柳,宋代,曾巩,乱条犹未变初黄，倚得东风势便狂。#解把飞花蒙日月，不知天地有清霜。,杂乱的柳枝条还没有变黄，在东风的吹动下狂扭乱舞。把它的飞絮想蒙住日月，但不知天地之间还有秋霜,曾巩（1019年9月30日－1083年4月30日，天禧三年八月二十五日－元丰六年四月十一日），字子固，世称“南丰先生”。汉族，建昌南丰（今属江西）人，后居临川（今江西抚州市西）。曾致尧之孙，曾易占之子。嘉祐二年（1057）进士。北宋政治家、散文家，“唐宋八大家”之一，为“南丰七曾”（曾巩、曾肇、曾布、曾纡、曾纮、曾协、曾敦）之一。在学术思想和文学事业上贡献卓越。
城南,宋代,曾巩,雨过横塘水满堤，乱山高下路东西。#一番桃李花开尽，惟有青青草色齐。,春雨迅猛，池塘水满，遥望群山，高低不齐，东边西侧，山路崎岖。热热闹闹地开了一阵的桃花和李花，此刻已开过时了，只见眼前春草萋萋，碧绿一片。,曾巩（1019年9月30日－1083年4月30日，天禧三年八月二十五日－元丰六年四月十一日），字子固，世称“南丰先生”。汉族，建昌南丰（今属江西）人，后居临川（今江西抚州市西）。曾致尧之孙，曾易占之子。嘉祐二年（1057）进士。北宋政治家、散文家，“唐宋八大家”之一，为“南丰七曾”（曾巩、曾肇、曾布、曾纡、曾纮、曾协、曾敦）之一。在学术思想和文学事业上贡献卓越。
题西林壁,宋代,苏轼,横看成岭侧成峰，远近高低各不同。#不识庐山真面目，只缘身在此山中。,从正面、侧面看庐山山岭连绵起伏、山峰耸立，从远处、近处、高处、低处看庐山，庐山呈现各种不同的样子。我之所以认不清庐山真正的面目，是因为我人身处在庐山之中。,苏轼（1037－1101），北宋文学家、书画家、美食家。字子瞻，号东坡居士。汉族，四川人，葬于颍昌（今河南省平顶山市郏县）。一生仕途坎坷，学识渊博，天资极高，诗文书画皆精。其文汪洋恣肆，明白畅达，与欧阳修并称欧苏，为“唐宋八大家”之一；诗清新豪健，善用夸张、比喻，艺术表现独具风格，与黄庭坚并称苏黄；词开豪放一派，对后世有巨大影响，与辛弃疾并称苏辛；书法擅长行书、楷书，能自创新意，用笔丰腴跌宕，有天真烂漫之趣，与黄庭坚、米芾、蔡襄并称宋四家；画学文同，论画主张神似，提倡“士人画”。著有《苏东坡全集》和《东坡乐府》等。
惠崇春江晚景二首,宋代,苏轼,竹外桃花三两枝，春江水暖鸭先知。#蒌蒿满地芦芽短，正是河豚欲上时。#两两归鸿欲破群，依依还似北归人。#遥知朔漠多风雪，更待江南半月春。,竹林外两三枝桃花初放，鸭子在水中游戏，它们最先察觉了初春江水的回暖。河滩上已经满是蒌蒿，芦笋也开始抽芽，而河豚此时正要逆流而上，从大海回游到江河里来了。,苏轼（1037－1101），北宋文学家、书画家、美食家。字子瞻，号东坡居士。汉族，四川人，葬于颍昌（今河南省平顶山市郏县）。一生仕途坎坷，学识渊博，天资极高，诗文书画皆精。其文汪洋恣肆，明白畅达，与欧阳修并称欧苏，为“唐宋八大家”之一；诗清新豪健，善用夸张、比喻，艺术表现独具风格，与黄庭坚并称苏黄；词开豪放一派，对后世有巨大影响，与辛弃疾并称苏辛；书法擅长行书、楷书，能自创新意，用笔丰腴跌宕，有天真烂漫之趣，与黄庭坚、米芾、蔡襄并称宋四家；画学文同，论画主张神似，提倡“士人画”。著有《苏东坡全集》和《东坡乐府》等。
和子由渑池怀旧,宋代,苏轼,人生到处知何似，应似飞鸿踏雪泥。#泥上偶然留指爪，鸿飞那复计东西。#老僧已死成新塔，坏壁无由见旧题。#往日崎岖还记否，路长人困蹇驴嘶。,人生在世，到这里、又到那里，偶然留下一些痕迹，你觉得像是什么？我看真像随处乱飞的鸿鹄，偶然在某处的雪地上落一落脚一样。它在这块雪地上留下一些爪印，正是偶然的事，因为鸿鹄的飞东飞西根本就没有一定。老和尚奉闲已经去世，他留下的只有一座藏骨灰的新塔，我们也没有机会再到那儿去看看当年题过字的破壁了。老和尚的骨灰塔和我们的题壁，是不是同飞鸿在雪地上偶然留下的爪印差不多呢！你还记得当时往渑池的崎岖旅程吗？路又远，人又疲劳，驴子也累得直叫。,苏轼（1037－1101），北宋文学家、书画家、美食家。字子瞻，号东坡居士。汉族，四川人，葬于颍昌（今河南省平顶山市郏县）。一生仕途坎坷，学识渊博，天资极高，诗文书画皆精。其文汪洋恣肆，明白畅达，与欧阳修并称欧苏，为“唐宋八大家”之一；诗清新豪健，善用夸张、比喻，艺术表现独具风格，与黄庭坚并称苏黄；词开豪放一派，对后世有巨大影响，与辛弃疾并称苏辛；书法擅长行书、楷书，能自创新意，用笔丰腴跌宕，有天真烂漫之趣，与黄庭坚、米芾、蔡襄并称宋四家；画学文同，论画主张神似，提倡“士人画”。著有《苏东坡全集》和《东坡乐府》等。
春宵,宋代,苏轼,春宵一刻值千金，花有清香月有阴。#歌管楼台声细细，秋千院落夜沉沉。,春天的夜晚，即便是极短的时间也十分珍贵。花儿散发着丝丝缕缕的清香，月光在花下投射出朦胧的阴影。楼台深处，富贵人家还在轻歌曼舞，那轻轻的歌声和管乐声还不时地弥散于醉人的夜色中。夜已经很深了，挂着秋千的庭院已是一片寂静。,苏轼（1037－1101），北宋文学家、书画家、美食家。字子瞻，号东坡居士。汉族，四川人，葬于颍昌（今河南省平顶山市郏县）。一生仕途坎坷，学识渊博，天资极高，诗文书画皆精。其文汪洋恣肆，明白畅达，与欧阳修并称欧苏，为“唐宋八大家”之一；诗清新豪健，善用夸张、比喻，艺术表现独具风格，与黄庭坚并称苏黄；词开豪放一派，对后世有巨大影响，与辛弃疾并称苏辛；书法擅长行书、楷书，能自创新意，用笔丰腴跌宕，有天真烂漫之趣，与黄庭坚、米芾、蔡襄并称宋四家；画学文同，论画主张神似，提倡“士人画”。著有《苏东坡全集》和《东坡乐府》等。
饮湖上初晴后雨二首·其二,宋代,苏轼,水光潋滟晴方好，山色空蒙雨亦奇。#欲把西湖比西子，淡妆浓抹总相宜。,在灿烂的阳光照耀下，西湖水微波粼粼，波光艳丽，看起来很美；雨天时，在雨幕的笼罩下，西湖周围的群山迷迷茫茫，若有若无，也显得非常奇妙。若把西湖比作古美女西施，淡妆浓抹都是那么得十分适宜。,苏轼（1037－1101），北宋文学家、书画家、美食家。字子瞻，号东坡居士。汉族，四川人，葬于颍昌（今河南省平顶山市郏县）。一生仕途坎坷，学识渊博，天资极高，诗文书画皆精。其文汪洋恣肆，明白畅达，与欧阳修并称欧苏，为“唐宋八大家”之一；诗清新豪健，善用夸张、比喻，艺术表现独具风格，与黄庭坚并称苏黄；词开豪放一派，对后世有巨大影响，与辛弃疾并称苏辛；书法擅长行书、楷书，能自创新意，用笔丰腴跌宕，有天真烂漫之趣，与黄庭坚、米芾、蔡襄并称宋四家；画学文同，论画主张神似，提倡“士人画”。著有《苏东坡全集》和《东坡乐府》等。
赠刘景文,宋代,苏轼,荷尽已无擎雨盖，菊残犹有傲霜枝。#一年好景君须记，最是橙黄橘绿时。,荷花凋谢连那擎雨的荷叶也枯萎了，只有那开败了菊花的花枝还傲寒斗霜。一年中最好的景致你一定要记住，那就是在橙子金黄、橘子青绿的秋末冬初的时节啊。,苏轼（1037－1101），北宋文学家、书画家、美食家。字子瞻，号东坡居士。汉族，四川人，葬于颍昌（今河南省平顶山市郏县）。一生仕途坎坷，学识渊博，天资极高，诗文书画皆精。其文汪洋恣肆，明白畅达，与欧阳修并称欧苏，为“唐宋八大家”之一；诗清新豪健，善用夸张、比喻，艺术表现独具风格，与黄庭坚并称苏黄；词开豪放一派，对后世有巨大影响，与辛弃疾并称苏辛；书法擅长行书、楷书，能自创新意，用笔丰腴跌宕，有天真烂漫之趣，与黄庭坚、米芾、蔡襄并称宋四家；画学文同，论画主张神似，提倡“士人画”。著有《苏东坡全集》和《东坡乐府》等。
海棠,宋代,苏轼,东风袅袅泛崇光，香雾空蒙月转廊。#只恐夜深花睡去，故烧高烛照红妆。,袅袅的东风吹动了淡淡的云彩，露出了月亮，月光也是淡淡的。花朵的香气融在朦胧的雾里，而月亮已经移过了院中的回廊。由于只是害怕在这深夜时分，花儿就会睡去，因此燃着高高的蜡烛，不肯错过欣赏这海棠盛开的时机。,苏轼（1037－1101），北宋文学家、书画家、美食家。字子瞻，号东坡居士。汉族，四川人，葬于颍昌（今河南省平顶山市郏县）。一生仕途坎坷，学识渊博，天资极高，诗文书画皆精。其文汪洋恣肆，明白畅达，与欧阳修并称欧苏，为“唐宋八大家”之一；诗清新豪健，善用夸张、比喻，艺术表现独具风格，与黄庭坚并称苏黄；词开豪放一派，对后世有巨大影响，与辛弃疾并称苏辛；书法擅长行书、楷书，能自创新意，用笔丰腴跌宕，有天真烂漫之趣，与黄庭坚、米芾、蔡襄并称宋四家；画学文同，论画主张神似，提倡“士人画”。著有《苏东坡全集》和《东坡乐府》等。
禾熟,宋代,孔平仲,百里西风禾黍香，鸣泉落窦谷登场。#老牛粗了耕耘债，啮草坡头卧夕阳。,阵阵西风，吹过平原，带来了禾黍的芳香；溅溅流泉，泻入沟渠，打谷场上一片繁忙。只有它——经过了一年辛勤耕耘的老牛，闲适地躺在山坡上，嚼着草，沐浴着金色的夕阳。,孔平仲北宋诗人。字义甫，一作毅父。新喻（今江西新余县）人。生卒年不详。治平二年(1065)举进士，曾任秘书丞、集贤校理，又提点江浙铸钱、京西刑狱。
寄内,宋代,孔平仲,试说途中景，方知别后心。#行人日暮少，风雪乱山深。,N/A,孔平仲北宋诗人。字义甫，一作毅父。新喻（今江西新余县）人。生卒年不详。治平二年(1065)举进士，曾任秘书丞、集贤校理，又提点江浙铸钱、京西刑狱。
牧童诗,宋代,黄庭坚,骑牛远远过前村，短笛横吹隔陇闻。#多少长安名利客，机关用尽不如君。,远远地看见牧童骑着牛缓缓地在前村走过，轻风隔着田垄送来阵阵牧笛声。长安城内那些追逐名利的人，用尽心机也不如你这样清闲自在。,黄庭坚（1045.8.9-1105.5.24），字鲁直，号山谷道人，晚号涪翁，洪州分宁（今江西省九江市修水县）人，北宋著名文学家、书法家，为盛极一时的江西诗派开山之祖，与杜甫、陈师道和陈与义素有“一祖三宗”（黄庭坚为其中一宗）之称。与张耒、晁补之、秦观都游学于苏轼门下，合称为“苏门四学士”。生前与苏轼齐名，世称“苏黄”。著有《山谷词》，且黄庭坚书法亦能独树一格，为“宋四家”之一。
登快阁,宋代,黄庭坚,痴儿了却公家事，快阁东西倚晚晴。#落木千山天远大，澄江一道月分明。#朱弦已为佳人绝，青眼聊因美酒横。#万里归船弄长笛，此心吾与白鸥盟。,我并非大器，只会敷衍官事，忙碌了一天了，趁着傍晚雨后初晴，登上快阁来放松一下心情。举目远望，时至初冬，万木萧条，天地更显得阔大。而在朗朗明月下澄江如练分明地向远处流去。友人远离，早已没有弄弦吹箫的兴致了，只有见到美酒，眼中才流露出喜色。想想人生羁绊、为官蹭蹬，还真不如找只船坐上去吹着笛子，漂流到家乡去，在那里与白鸥做伴逍遥自在岂不是更好的归宿。,黄庭坚（1045.8.9-1105.5.24），字鲁直，号山谷道人，晚号涪翁，洪州分宁（今江西省九江市修水县）人，北宋著名文学家、书法家，为盛极一时的江西诗派开山之祖，与杜甫、陈师道和陈与义素有“一祖三宗”（黄庭坚为其中一宗）之称。与张耒、晁补之、秦观都游学于苏轼门下，合称为“苏门四学士”。生前与苏轼齐名，世称“苏黄”。著有《山谷词》，且黄庭坚书法亦能独树一格，为“宋四家”之一。
鄂州南楼书事,宋代,黄庭坚,四顾山光接水光，凭栏十里芰荷香。#清风明月无人管，并作南楼一味凉。,站在南楼上靠着栏杆向四周远望，只见山色和水色连接在一起，辽阔的水面上菱角、荷花盛开，飘来阵阵香气。清风明月没有人看管自由自在，月光融入清风从南面吹来，使人感到一片凉爽和惬意。,黄庭坚（1045.8.9-1105.5.24），字鲁直，号山谷道人，晚号涪翁，洪州分宁（今江西省九江市修水县）人，北宋著名文学家、书法家，为盛极一时的江西诗派开山之祖，与杜甫、陈师道和陈与义素有“一祖三宗”（黄庭坚为其中一宗）之称。与张耒、晁补之、秦观都游学于苏轼门下，合称为“苏门四学士”。生前与苏轼齐名，世称“苏黄”。著有《山谷词》，且黄庭坚书法亦能独树一格，为“宋四家”之一。
雨中登岳阳楼望君山,宋代,黄庭坚,投荒万死鬓毛斑，生出瞿塘滟滪关。#未到江南先一笑，岳阳楼上对君山。#满川风雨独凭栏，绾结湘娥十二鬟。#可惜不当湖水面，银山堆里看青山。,投送边荒经历万死两鬓斑斑，如今活着走出瞿塘峡滟滪关。还未到江南先自一笑，站在岳阳楼上对着君山。,黄庭坚（1045.8.9-1105.5.24），字鲁直，号山谷道人，晚号涪翁，洪州分宁（今江西省九江市修水县）人，北宋著名文学家、书法家，为盛极一时的江西诗派开山之祖，与杜甫、陈师道和陈与义素有“一祖三宗”（黄庭坚为其中一宗）之称。与张耒、晁补之、秦观都游学于苏轼门下，合称为“苏门四学士”。生前与苏轼齐名，世称“苏黄”。著有《山谷词》，且黄庭坚书法亦能独树一格，为“宋四家”之一。
临平道中,宋代,道潜,风蒲猎猎弄清柔，欲立蜻蜓不自由。#五月临平山下路，藕花无数满汀州。,水边的香蒲长得又嫩又长，微风吹来，蒲叶摇曳多姿，发出猎猎的响声，卖弄它那轻盈的体态和柔媚的舞姿。蜻蜓飞来，想要在蒲草的叶尖上停留，却不能自由自在地立稳。农历五月间，走在临平山下的路上，可以欣赏到汀洲间的水面上，盛开着许多鲜艳的荷花。,道潜（1043—1106）北宋诗僧。本姓何，字参寥，赐号妙总大师。於潜（今属浙江临安）浮村人。自幼出家。与苏轼诸人交好，轼谪居黄州时，他曾专程前去探望。元祐中，住杭州智果禅院。因写诗语涉讥刺，被勒令还俗。后得昭雪，复削发为僧。著有《参寥子集》。
春日,宋代,晁冲之,阴阴溪曲绿交加，小雨翻萍上浅沙。#鹅鸭不知春去尽，争随流水趁桃花。,在草木阴阴的映照下，弯曲的小溪显得格外碧绿，一场小雨滴落在草坪上溅起细沙。鹅鸭不知道春天已过，还争相随着流水去追赶桃花。,晁冲之，宋代江西派诗人。生卒年不详。字叔用，早年字用道。济州巨野（今属山东）人。晁氏是北宋名门、文学世家。晁冲之的堂兄晁补之、晁说之、晁祯之都是当时有名的文学家。早年师从陈师道。绍圣（1094～1097）初，党争剧烈，兄弟辈多人遭谪贬放逐，他便在阳翟（今河南禹县）具茨山隐居，自号具茨。十多年后回到汴京，当权者欲加任用，拒不接受。终生不恋功名，授承务郎。他同吕本中为知交，来往密切。其子晁公武是《郡斋读书志》的作者。
春日,宋代,张耒,如丝苣甲饤春盘，韭叶金黄雪未干。#旅饭二年无此味，故园千里几时还。#异方时节三巵酒，残岁风烟一惨颜。#曾奉龙旗典邦礼，岁穷祠祀少休闲。,N/A,北宋文学家，擅长诗词，为苏门四学士之一。《全宋词》《全宋诗》中有他的多篇作品。早年游学于陈，学官苏辙重爱，从学于苏轼，苏轼说他的文章类似苏辙，汪洋澹泊。其诗学白居易、张籍，如：《田家》《海州道中》《输麦行》多反映下层人民的生活以及自己的生活感受，风格平易晓畅。著作有《柯山集》五十卷、《拾遗》十二卷、《续拾遗》一卷。《宋史》卷四四四有传。
夜坐,宋代,张耒,庭户无人秋月明，夜霜欲落气先清。#梧桐真不甘衰谢，数叶迎风尚有声。,寂静的前庭空无一人，只有秋月仍旧明亮。夜里的清霜将要落下，空气中也充满了清朗的气息。梧桐树矗立在庭前，也不甘就此衰落。树上的梧桐叶迎风摇摆，发出了些许声音。,北宋文学家，擅长诗词，为苏门四学士之一。《全宋词》《全宋诗》中有他的多篇作品。早年游学于陈，学官苏辙重爱，从学于苏轼，苏轼说他的文章类似苏辙，汪洋澹泊。其诗学白居易、张籍，如：《田家》《海州道中》《输麦行》多反映下层人民的生活以及自己的生活感受，风格平易晓畅。著作有《柯山集》五十卷、《拾遗》十二卷、《续拾遗》一卷。《宋史》卷四四四有传。
纳凉,宋代,秦观,携扙来追柳外凉，画桥南畔倚胡床。#月明船笛参差起，风定池莲自在香。,携杖出门去寻找纳凉圣地，画桥南畔，绿树成荫，坐靠在胡床之上惬意非常。寂寂明月夜，参差的笛声响起在耳边萦绕不觉，晚风初定，池中莲花盛开，幽香散溢，泌人心脾。,秦观（1049-1100）字太虚，又字少游，别号邗沟居士，世称淮海先生。汉族，北宋高邮（今江苏）人，官至太学博士，国史馆编修。秦观一生坎坷，所写诗词，高古沉重，寄托身世，感人至深。秦观生前行踪所至之处，多有遗迹。如浙江杭州的秦少游祠，丽水的秦少游塑像、淮海先生祠、莺花亭；青田的秦学士祠；湖南郴州三绝碑；广西横县的海棠亭、醉乡亭、淮海堂、淮海书院等。秦观墓在无锡惠山之北粲山上，墓碑上书“秦龙图墓”几个大字。有秦家村、秦家大院以及省级文物保护单位古文游台。
春日,宋代,秦观,一夕轻雷落万丝，霁光浮瓦碧参差。#有情芍药含春泪，无力蔷薇卧晓枝。,轻雷响过，春雨淅沥而下。雨后初晴，阳光好像在刚刚被雨洗过的碧瓦间浮动。春雨过后，芍药含泪，情意脉脉；蔷薇横卧，娇态可掬，惹人怜爱。,秦观（1049-1100）字太虚，又字少游，别号邗沟居士，世称淮海先生。汉族，北宋高邮（今江苏）人，官至太学博士，国史馆编修。秦观一生坎坷，所写诗词，高古沉重，寄托身世，感人至深。秦观生前行踪所至之处，多有遗迹。如浙江杭州的秦少游祠，丽水的秦少游塑像、淮海先生祠、莺花亭；青田的秦学士祠；湖南郴州三绝碑；广西横县的海棠亭、醉乡亭、淮海堂、淮海书院等。秦观墓在无锡惠山之北粲山上，墓碑上书“秦龙图墓”几个大字。有秦家村、秦家大院以及省级文物保护单位古文游台。
还自广陵,宋代,秦观,天寒水鸟自相依，十百为群戏落晖。#过尽行人都不起，忽闻水响一齐飞。,大冷天里，水鸟为了暖和挤在一起，十几只几百只一起，在快要落山的太阳光下游戏。路上的人走来走去，它们都不躲开，忽然听到水里哗啦一声响，它们吓一跳，“轰”的一下一齐飞了起来。,秦观（1049-1100）字太虚，又字少游，别号邗沟居士，世称淮海先生。汉族，北宋高邮（今江苏）人，官至太学博士，国史馆编修。秦观一生坎坷，所写诗词，高古沉重，寄托身世，感人至深。秦观生前行踪所至之处，多有遗迹。如浙江杭州的秦少游祠，丽水的秦少游塑像、淮海先生祠、莺花亭；青田的秦学士祠；湖南郴州三绝碑；广西横县的海棠亭、醉乡亭、淮海堂、淮海书院等。秦观墓在无锡惠山之北粲山上，墓碑上书“秦龙图墓”几个大字。有秦家村、秦家大院以及省级文物保护单位古文游台。
春怀示邻里,宋代,陈师道,断墙着雨蜗成字，老屋无僧燕作家。剩欲出门追语笑，却嫌归鬓著尘沙。#风翻蛛网开三面，雷动蜂窠趁两衙。#屡失南邻春事约，只今容有未开花。,破败的断墙被春雨淋湿，蜗牛爬行留下歪斜的篆字。失修的老屋没有僧人，只有梁燕作案把它当作家。春光绮丽，真想出门去追随欢声笑语，又嫌归来时鬓发蒙尘脸上扑满了灰沙。春风吹翻蛛网，飞虫尚且可以三面逃生；春雷震动蜂窠，黄蜂有主还能排列成衙。几次爽约，没能赴南邻赏春的约会，只希望现在还能有尚未开放的春花。,陈师道（1053～1102）北宋官员、诗人。字履常，一字无己，号后山居士，汉族，彭城（今江苏徐州）人。元祐初苏轼等荐其文行，起为徐州教授，历仕太学博士、颖州教授、秘书省正字。一生安贫乐道，闭门苦吟，有“闭门觅句陈无己”之称。陈师道为苏门六君子之一，江西诗派重要作家。亦能词，其词风格与诗相近，以拗峭惊警见长。但其诗、词存在着内容狭窄、词意艰涩之病。著有《后山先生集》，词有《后山词》。
示三子,宋代,陈师道,去远即相忘，归近不可忍。#儿女已在眼，眉目略不省。#喜极不得语，泪尽方一哂。#了知不是梦，忽忽心未稳。,你们走远了，我倒也不再惦念；及至归期接近，反而难、以忍耐。儿女们已站在眼前，你们的容貌我已认不出来。欢喜到了极点，不知说什么好。收泪一笑，包含着多少悲哀。明知这不是在梦中，可我的心仍在摇摆不踏实。,陈师道（1053～1102）北宋官员、诗人。字履常，一字无己，号后山居士，汉族，彭城（今江苏徐州）人。元祐初苏轼等荐其文行，起为徐州教授，历仕太学博士、颖州教授、秘书省正字。一生安贫乐道，闭门苦吟，有“闭门觅句陈无己”之称。陈师道为苏门六君子之一，江西诗派重要作家。亦能词，其词风格与诗相近，以拗峭惊警见长。但其诗、词存在着内容狭窄、词意艰涩之病。著有《后山先生集》，词有《后山词》。
春游湖,宋代,徐俯,双飞燕子几时回？#夹岸桃花蘸水开。#春雨断桥人不渡，小舟撑出柳阴来。,一对对燕子，你们什么时候飞回来的？小河两岸的桃树枝条浸在水里，鲜红的桃花已经开放。下了几天雨，河水涨起来淹没了小桥，人不能过河，正在这时候，一叶小舟从柳阴下缓缓驶出。,徐俯（1075～1141）宋代官员，江西派著名诗人之一。字师川，自号东湖居士，原籍洪州分宁（江西修水县）人，后迁居德兴天门村。徐禧之子，黄庭坚之甥。因父死于国事，授通直郎，累官右谏议大夫。绍兴二年（1132），赐进士出身。三年，迁翰林学士，擢端明殿学士，签书枢密院事，官至参知政事。后以事提举洞霄宫。工诗词，著有《东湖集》，不传。
绝句,宋代,吴涛,游子春衫已试单，桃花飞尽野梅酸。#怪来一夜蛙声歇，又作东风十日寒。,离家远游之人试着换上了单薄的春衣，枝头的桃花已凋谢，野生的梅子已经发酸。奇怪的是忽然一晚蛙鸣声停止了，原来是东风又起，带来了数日的寒冷。,吴涛，生卒年不详，字德邵，崇仁（今属江西）人。是宋高宗绍兴年间著名隐士环溪先生吴沆的大哥。下选的《绝句》便是吴沆的《环溪诗话》存录的。全宋诗收入其诗四首：《绝句》，《山居》，《在杭日作》，《仲春》。其中以《绝句》广为流传。
连州阳山归路,宋代,吕本中,稍离烟瘴近湘潭，疾病衰颓已不堪。#儿女不知来避地，强言风物胜江南。,渐渐远离了岭南瘴气蒸郁的地方，前面不远就是湘潭；身体多病，衰弱疲惫，内心痛苦不堪。小儿女不知道自己是在逃难，硬是坚持说：眼前的风光景物，胜过江南。,吕本中（1084-1145），字居仁，世称东莱先生，寿州人，诗人，词人，道学家.诗属江西派.著有&lt;&lt;春秋集解&gt;&gt;，&lt;&lt;紫微诗话&gt;&gt;，&lt;&lt;东莱先生诗集&gt;&gt;等.词不传，今人赵万里&lt;&lt;校辑宋金元人词&gt;&gt;辑有&lt;&lt;紫微词&gt;&gt;，&lt;&lt;全宋词&gt;&gt;据之录词二十七首.吕本中诗数量较大，约一千二百七十首。
自责二首,宋代,朱淑真,女子弄文诚可罪，那堪咏月更吟风。#磨穿铁砚非吾事，绣折金针却有功。#闷无消遣只看诗，不见诗中话别离。#添得情怀转萧索，始知伶俐不如痴。,N/A,朱淑真（约1135~约1180），号幽栖居士，宋代女诗人，亦为唐宋以来留存作品最丰盛的女作家之一。南宋初年时在世，祖籍歙州（治今安徽歙县），《四库全书》中定其为“浙中海宁人”，一说浙江钱塘（今浙江杭州）人。生于仕宦之家。夫为文法小吏，因志趣不合，夫妻不睦，终致其抑郁早逝。又传淑真过世后，父母将其生前文稿付之一炬。其余生平不可考，素无定论。现存《断肠诗集》、《断肠词》传世，为劫后余篇。
落花,宋代,朱淑真,连理枝头花正开，妒花风雨便相催。#愿教青帝常为主，莫遣纷纷点翠苔。,连理枝头艳丽的鲜花正在盛开，但风雨嫉妒鲜花的美丽，时时刻刻想要催促鲜花凋谢。我真想让掌管春天的神长久做主，不让娇嫩可爱的鲜花落到碧绿的青苔上。,朱淑真（约1135~约1180），号幽栖居士，宋代女诗人，亦为唐宋以来留存作品最丰盛的女作家之一。南宋初年时在世，祖籍歙州（治今安徽歙县），《四库全书》中定其为“浙中海宁人”，一说浙江钱塘（今浙江杭州）人。生于仕宦之家。夫为文法小吏，因志趣不合，夫妻不睦，终致其抑郁早逝。又传淑真过世后，父母将其生前文稿付之一炬。其余生平不可考，素无定论。现存《断肠诗集》、《断肠词》传世，为劫后余篇。
春日,宋代,汪藻,一春略无十日晴，处处浮云将雨行。#野田春水碧于镜，人影渡傍鸥不惊。#桃花嫣然出篱笑，似开未开最有情。#茅茨烟暝客衣湿，破梦午鸡啼一声。,N/A,汪藻（1079～1154）北宋末、南宋初文学家。字彦章，号浮溪，又号龙溪，饶州德兴（今属江西）人。汪谷之子。先世籍贯婺源，后移居饶州德兴（今属江西）。早年曾向徐俯、韩驹学诗，入太学，喜读《春秋左氏传》及《西汉书》。崇宁二年（1103）进士，任婺州（今浙江金华）观察推官、宣州（今属安徽）教授、著作佐郎、宣州（今属安徽）通判等职。《全宋词》录其词4首。
汴京纪事,宋代,刘子翚,辇毂繁华事可伤，师师垂老过湖湘。#缕衣檀板无颜色，一曲当时动帝王。,帝京当年是多么地繁华热闹，回想起来，使人无限地伤感；李师师也老了，漂泊流落在湖湘的民间。旧时的舞衣与檀板都黯然失色，饱受了风蚀尘染；有谁相信，她当年轻歌一曲，能使君王倾倒迷乱？,刘子翚（huī）（1101～1147）宋代理学家。字彦冲，一作彦仲，号屏山，又号病翁，学者称屏山先生。建州崇安（今属福建）人，刘韐子，刘子羽弟。以荫补承务郎，通判兴化军，因疾辞归武夷山，专事讲学，邃于《周易》，朱熹尝从其学。著有《屏山集》。
夏日绝句,宋代,李清照,生当作人杰，死亦为鬼雄。#至今思项羽，不肯过江东。,生时应当做人中豪杰，死后也要做鬼中英雄。到今天人们还在怀念项羽，因为他不肯苟且偷生，退回江东。,李清照（1084年3月13日～1155年5月12日）号易安居士，汉族，山东省济南章丘人。宋代（南北宋之交）女词人，婉约词派代表，有“千古第一才女”之称。所作词，前期多写其悠闲生活，后期多悲叹身世，情调感伤。形式上善用白描手法，自辟途径，语言清丽。论词强调协律，崇尚典雅，提出词“别是一家”之说，反对以作诗文之法作词。能诗，留存不多，部分篇章感时咏史，情辞慷慨，与其词风不同。有《易安居士文集》《易安词》，已散佚。后人有《漱玉词》辑本。今有《李清照集校注》。
苏秀道中,宋代,曾几,一夕骄阳转作霖，梦回凉冷润衣襟。#不愁屋漏床床湿，且喜溪流岸岸深。#千里稻花应秀色，五更桐叶最佳音。#无田似我犹欣舞，何况田间望岁心。,一夜之间，炎炎烈日的晴空，忽然降下了渴望已久的甘霖；我在睡梦中惊醒，只觉得浑身舒适，凉气沁人。我不愁屋子会漏雨，淋湿我的床；只是欣喜溪流中涨满了雨水，不用再为干旱担心。我想，那千里平野上，喝够了水的稻子一定是葱绿一片；于是觉得，这五更天雨水敲打着梧桐，是那么的动听。像我这没有田地的人尚且欢欣鼓舞，更何况田间的农夫，祈望着丰年，该是多么的高兴。,曾几（1085--1166）中国南宋诗人。字吉甫，自号茶山居士。其先赣州（今江西赣县）人，徙居河南府（今河南洛阳）。历任江西、浙西提刑、秘书少监、礼部侍郎。曾几学识渊博，勤于政事。他的学生陆游替他作《墓志铭》，称他“治经学道之余，发于文章，雅正纯粹，而诗尤工。”后人将其列入江西诗派。其诗多属抒情遣兴、唱酬题赠之作，闲雅清淡。五、七言律诗讲究对仗自然，气韵疏畅。古体如《赠空上人》，近体诗如《南山除夜》等，均见功力。所著《易释象》及文集已佚。《四库全书》有《茶山集》8卷，辑自《永乐大典》。
三衢道中,宋代,曾几,梅子黄时日日晴，小溪泛尽却山行。#绿阴不减来时路，添得黄鹂四五声。,梅子黄透了的时候，天天都是晴朗的好天气，乘小舟沿着小溪而行，走到了小溪的尽头，再改走山路继续前行。山路上苍翠的树，与来的时候一样浓密，深林丛中传来几声黄鹂的欢鸣声，比来时更增添了些幽趣。,曾几（1085--1166）中国南宋诗人。字吉甫，自号茶山居士。其先赣州（今江西赣县）人，徙居河南府（今河南洛阳）。历任江西、浙西提刑、秘书少监、礼部侍郎。曾几学识渊博，勤于政事。他的学生陆游替他作《墓志铭》，称他“治经学道之余，发于文章，雅正纯粹，而诗尤工。”后人将其列入江西诗派。其诗多属抒情遣兴、唱酬题赠之作，闲雅清淡。五、七言律诗讲究对仗自然，气韵疏畅。古体如《赠空上人》，近体诗如《南山除夜》等，均见功力。所著《易释象》及文集已佚。《四库全书》有《茶山集》8卷，辑自《永乐大典》。
病牛,宋代,李纲,耕犁千亩实千箱，力尽筋疲谁复伤？#但得众生皆得饱，不辞羸病卧残阳。,病牛耕耘千亩，换来了劳动成果装满千座粮仓的结果，但它自身却精神极为疲惫，力气全部耗尽，然而，又有谁来怜惜它力耕负重的劳苦呢？但为了众生都能够饱，即使拖垮了病倒卧在残阳之下，也在所不辞。,李纲（1083年－1140年2月5日），北宋末、南宋初抗金名臣，民族英雄。字伯纪，号梁溪先生，祖籍福建邵武，祖父一代迁居江苏无锡。李纲能诗文，写有不少爱国篇章。亦能词，其咏史之作，形象鲜明生动，风格沉雄劲健。著有《梁溪先生文集》、《靖康传信录》、《梁溪词》。
襄邑道中,宋代,陈与义,飞花两岸照船红，百里榆堤半日风。#卧看满天云不动，不知云与我俱东。,N/A,陈与义(1090-1138)，字去非，号简斋，汉族，其先祖居京兆，自曾祖陈希亮迁居洛阳，故为宋代河南洛阳人（现在属河南）。他生于宋哲宗元祐五年(1090年)，卒于南宋宋高宗绍兴八年(1138年)。北宋末，南宋初年的杰出诗人，同时也工于填词。其词存于今者虽仅十余首，却别具风格，尤近于苏东坡，语意超绝，笔力横空，疏朗明快，自然浑成，著有《简斋集》。
雨晴,宋代,陈与义,天缺西南江面清，纤云不动小滩横。#墙头语鹊衣犹湿，楼外残雷气未平。#尽取微凉供稳睡，急搜奇句报新晴。#今宵绝胜无人共，卧看星河尽意明。,西南方露出蔚蓝色天空映照江面清澄，一如横卧江上小滩蓝天上有一抹微云。喜鹊飞立墙头欢叫羽毛依然浇湿，楼外远处还不断传来残余的雷声。趁雷雨后的微凉睡个安稳的好觉，赶快吟几句奇诗回报雨后的新晴。这么迷人夜晚可惜无人来共同享受，便我一人也要尽兴卧看银河直到天明。,陈与义(1090-1138)，字去非，号简斋，汉族，其先祖居京兆，自曾祖陈希亮迁居洛阳，故为宋代河南洛阳人（现在属河南）。他生于宋哲宗元祐五年(1090年)，卒于南宋宋高宗绍兴八年(1138年)。北宋末，南宋初年的杰出诗人，同时也工于填词。其词存于今者虽仅十余首，却别具风格，尤近于苏东坡，语意超绝，笔力横空，疏朗明快，自然浑成，著有《简斋集》。
咏牡丹,宋代,陈与义,一自胡尘入汉关，十年伊洛路漫漫。#青墩溪畔龙钟客，独立东风看牡丹。,　　自从金人的铁蹄踏碎了祖国的河山，十年了，回望故乡洛阳，路是那么的漫长。岁月使我变得衰老不堪，今天，我独自一个，流落在青墩溪畔，在煦煦春风中，欣赏着盛开的牡丹。,陈与义(1090-1138)，字去非，号简斋，汉族，其先祖居京兆，自曾祖陈希亮迁居洛阳，故为宋代河南洛阳人（现在属河南）。他生于宋哲宗元祐五年(1090年)，卒于南宋宋高宗绍兴八年(1138年)。北宋末，南宋初年的杰出诗人，同时也工于填词。其词存于今者虽仅十余首，却别具风格，尤近于苏东坡，语意超绝，笔力横空，疏朗明快，自然浑成，著有《简斋集》。
池州翠微亭,宋代,岳飞,经年尘土满征衣，特特寻芳上翠微。#好水好山看不足，马蹄催趁月明归。,年复一年，我驰骋疆场，战袍上洒满了灰尘；今天，在“得得”的马蹄声中，缓缓登上齐山，浏览翠微亭的美景。好山好水，我怎么也看不够，可已是明月当空，马蹄声又催着我踏上了归程。,岳飞（1103—1142），字鹏举，宋相州汤阴县永和乡孝悌里（今河南安阳市汤阴县程岗村）人，中国历史上著名的军事家、战略家、民族英雄，位列南宋中兴四将之首。岳飞是南宋最杰出的统帅，他重视人民抗金力量，缔造了“连结河朔”之谋，主张黄河以北的抗金义军和宋军互相配合，夹击金军，以收复失地。岳飞的文学才华也是将帅中少有的，他的不朽词作《满江红》，是千古传诵的爱国名篇。葬于西湖畔栖霞岭。
樵夫,宋代,萧德藻,一担乾柴古渡头，盘缠一日颇优游。#归来涧底磨刀斧，又作全家明日谋。,挑上了一担干柴到古渡头去卖，换了钱足够一天的开销，便心满意快。他回到家中又在山涧边磨快刀斧，为筹集明天的生活费用做好准备。,萧德藻，南宋诗人。字东夫，自号千岩老人。闽清（今属福建）人。生卒年不详。绍兴二十一年(1151)进士。初任尤川县丞，后为湖北参议，再调湖州乌程令。因爱当地山水之美，遂移家乌程，住县中屏山，其地有千岩之胜，所以自号“千岩老人”，表示归隐不仕。
临安春雨初霁,宋代,陆游,世味年来薄似纱，谁令骑马客京华。#小楼一夜听春雨，深巷明朝卖杏花。#矮纸斜行闲作草，晴窗细乳戏分茶。#素衣莫起风尘叹，犹及清明可到家。,近年来做官的兴味淡淡的像一层薄纱，谁又让我乘马来到京都作客沾染繁华？住在小楼听尽了一夜的春雨淅沥滴答，清早会听到小巷深处在一声声叫卖杏花。铺开小纸从容地斜写行行草草，字字有章法，晴日窗前细细地煮水、沏茶、撇沫，试着品名茶。呵，不要叹息那京都的尘土会弄脏洁白的衣衫，清明时节还来得及回到镜湖边的山阴故家。,陆游（1125—1210），字务观，号放翁。汉族，越州山阴（今浙江绍兴）人，南宋著名诗人。少时受家庭爱国思想熏陶，高宗时应礼部试，为秦桧所黜。孝宗时赐进士出身。中年入蜀，投身军旅生活，官至宝章阁待制。晚年退居家乡。创作诗歌今存九千多首，内容极为丰富。著有《剑南诗稿》、《渭南文集》、《南唐书》、《老学庵笔记》等。
金错刀行,宋代,陆游,黄金错刀白玉装，夜穿窗扉出光芒。#丈夫五十功未立，提刀独立顾八荒。#京华结交尽奇士，意气相期共生死。#千年史册耻无名，一片丹心报天子。#尔来从军天汉滨，南山晓雪玉嶙峋。#呜呼！#楚虽三户能亡秦，岂有堂堂中国空无人！,N/A,陆游（1125—1210），字务观，号放翁。汉族，越州山阴（今浙江绍兴）人，南宋著名诗人。少时受家庭爱国思想熏陶，高宗时应礼部试，为秦桧所黜。孝宗时赐进士出身。中年入蜀，投身军旅生活，官至宝章阁待制。晚年退居家乡。创作诗歌今存九千多首，内容极为丰富。著有《剑南诗稿》、《渭南文集》、《南唐书》、《老学庵笔记》等。
剑门道中遇微雨,宋代,陆游,衣上征尘杂酒痕，远游无处不销魂。#此身合是诗人未？#细雨骑驴入剑门。,衣服上沾满了旅途上的灰尘和杂乱的酒的痕迹。出门在外去很远的地方宦游，所到之地没有一处是不让人心神暗淡和感伤的。我这一辈子就应该做一个诗人吗？为什么骑上瘦驴在细雨中到剑门关去？,陆游（1125—1210），字务观，号放翁。汉族，越州山阴（今浙江绍兴）人，南宋著名诗人。少时受家庭爱国思想熏陶，高宗时应礼部试，为秦桧所黜。孝宗时赐进士出身。中年入蜀，投身军旅生活，官至宝章阁待制。晚年退居家乡。创作诗歌今存九千多首，内容极为丰富。著有《剑南诗稿》、《渭南文集》、《南唐书》、《老学庵笔记》等。
梅花绝句·其一,宋代,陆游,闻道梅花坼晓风，雪堆遍满四山中。#何方可化身千亿，一树梅花一放翁。,听说山上的梅花已经迎着晨风绽开，四周大山的山坡上一树树梅花似雪洁白。有什么办法可以把我的身子也化为几千几亿个？让每一棵梅花树前都有一个陆游常在。,陆游（1125—1210），字务观，号放翁。汉族，越州山阴（今浙江绍兴）人，南宋著名诗人。少时受家庭爱国思想熏陶，高宗时应礼部试，为秦桧所黜。孝宗时赐进士出身。中年入蜀，投身军旅生活，官至宝章阁待制。晚年退居家乡。创作诗歌今存九千多首，内容极为丰富。著有《剑南诗稿》、《渭南文集》、《南唐书》、《老学庵笔记》等。
示儿,宋代,陆游,死去元知万事空，但悲不见九州同。#王师北定中原日，家祭无忘告乃翁。,我本来知道，当我死后，人间的一切就都和我无关了；但唯一使我痛心的，就是我没能亲眼看到祖国的统一。因此，当大宋军队收复了中原失地的那一天到来之时，你们举行家祭，千万别忘把这好消息告诉我！,陆游（1125—1210），字务观，号放翁。汉族，越州山阴（今浙江绍兴）人，南宋著名诗人。少时受家庭爱国思想熏陶，高宗时应礼部试，为秦桧所黜。孝宗时赐进士出身。中年入蜀，投身军旅生活，官至宝章阁待制。晚年退居家乡。创作诗歌今存九千多首，内容极为丰富。著有《剑南诗稿》、《渭南文集》、《南唐书》、《老学庵笔记》等。
十一月四日风雨大作二首,宋代,陆游,风卷江湖雨暗村，四山声作海涛翻。#溪柴火软蛮毡暖，我与狸奴不出门。#僵卧孤村不自哀，尚思为国戍轮台。#夜阑卧听风吹雨，铁马冰河入梦来。,天空黑暗，大风卷着江湖上的雨，四周的山上哗哗大雨像巨浪翻滚之声。溪柴烧的小火和裹在身上的毛毡都很暖和，我和猫儿都不愿出门。,陆游（1125—1210），字务观，号放翁。汉族，越州山阴（今浙江绍兴）人，南宋著名诗人。少时受家庭爱国思想熏陶，高宗时应礼部试，为秦桧所黜。孝宗时赐进士出身。中年入蜀，投身军旅生活，官至宝章阁待制。晚年退居家乡。创作诗歌今存九千多首，内容极为丰富。著有《剑南诗稿》、《渭南文集》、《南唐书》、《老学庵笔记》等。
书愤五首·其一,宋代,陆游,早岁那知世事艰，中原北望气如山。#楼船夜雪瓜洲渡，铁马秋风大散关。#塞上长城空自许，镜中衰鬓已先斑。#出师一表真名世，千载谁堪伯仲间！,年轻时就立志北伐中原，哪想到竟然是如此艰难。我常常北望那中原大地，热血沸腾啊怨气如山啊。记得在瓜州渡痛击金兵，雪夜里飞奔着楼船战舰。秋风中跨战马纵横驰骋，收复了大散关捷报频传。想当初我自比万里长城，立壮志为祖国扫除边患。到如今垂垂老鬓发如霜，盼北伐盼恢复都成空谈。不由人缅怀那诸葛孔明，出师表真可谓名不虚传，有谁像诸葛亮鞠躬尽瘁，率三军复汉室北定中原！,陆游（1125—1210），字务观，号放翁。汉族，越州山阴（今浙江绍兴）人，南宋著名诗人。少时受家庭爱国思想熏陶，高宗时应礼部试，为秦桧所黜。孝宗时赐进士出身。中年入蜀，投身军旅生活，官至宝章阁待制。晚年退居家乡。创作诗歌今存九千多首，内容极为丰富。著有《剑南诗稿》、《渭南文集》、《南唐书》、《老学庵笔记》等。
病起书怀,宋代,陆游,病骨支离纱帽宽，孤臣万里客江干。#位卑未敢忘忧国，事定犹须待阖棺。#天地神灵扶庙社，京华父老望和銮。#出师一表通今古，夜半挑灯更细看。,病体虚弱消瘦，以致头上的纱帽也显得宽大了，孤单一人客居在万里之外的成都江边。虽然职位低微却从未敢忘记忧虑国事，但若想实现统一理想，只有死后才能盖棺定论。希望天地神灵保佑国家社稷，北方百姓都在日夜企盼着君主御驾亲征收复失落的河山。诸葛孔明的传世之作《出师表》忠义之气万古流芳，深夜难眠，还是挑灯细细品读吧。,陆游（1125—1210），字务观，号放翁。汉族，越州山阴（今浙江绍兴）人，南宋著名诗人。少时受家庭爱国思想熏陶，高宗时应礼部试，为秦桧所黜。孝宗时赐进士出身。中年入蜀，投身军旅生活，官至宝章阁待制。晚年退居家乡。创作诗歌今存九千多首，内容极为丰富。著有《剑南诗稿》、《渭南文集》、《南唐书》、《老学庵笔记》等。
秋夜将晓出篱门迎凉有感二首,宋代,陆游,迢迢天汉西南落，喔喔邻鸡一再鸣。#壮志病来消欲尽，出门搔首怆平生。#三万里河东入海，五千仞岳上摩天。#遗民泪尽胡尘里，南望王师又一年。,迢迢万里的银河朝西南方向下坠，喔喔的鸡叫之声在邻家不断长鸣。疾病折磨我几乎把救亡壮志消尽，出门四望不禁手搔白发抱憾平生。,陆游（1125—1210），字务观，号放翁。汉族，越州山阴（今浙江绍兴）人，南宋著名诗人。少时受家庭爱国思想熏陶，高宗时应礼部试，为秦桧所黜。孝宗时赐进士出身。中年入蜀，投身军旅生活，官至宝章阁待制。晚年退居家乡。创作诗歌今存九千多首，内容极为丰富。著有《剑南诗稿》、《渭南文集》、《南唐书》、《老学庵笔记》等。
四时田园杂兴·其二,宋代,范成大,梅子金黄杏子肥，麦花雪白菜花稀。#日长篱落无人过，惟有蜻蜓蛱蝶飞。,一树树梅子变得金黄，杏子也越长越大了；荞麦花一片雪白，油菜花倒显得稀稀落落。白天长了，篱笆的影子随着太阳的升高变得越来越短，没有人经过；只有蜻蜓和蝴蝶绕着篱笆飞来飞去。,范成大（1126-1193），字致能，号称石湖居士。汉族，平江吴县（今江苏苏州）人。南宋诗人。谥文穆。从江西派入手，后学习中、晚唐诗，继承了白居易、王建、张籍等诗人新乐府的现实主义精神，终于自成一家。风格平易浅显、清新妩媚。诗题材广泛，以反映农村社会生活内容的作品成就最高。他与杨万里、陆游、尤袤合称南宋“中兴四大诗人”。
横塘,宋代,范成大,南浦春来绿一川，石桥朱塔两依然。#年年送客横塘路，细雨垂杨系画船。,春天到来的时候，这满塘的水就绿了，但水上的石桥和水边的红塔旧色依然。在每年送朋友上路的横塘里，蒙蒙细雨中，即将远行的画船栓在岸边的垂杨柳上。,范成大（1126-1193），字致能，号称石湖居士。汉族，平江吴县（今江苏苏州）人。南宋诗人。谥文穆。从江西派入手，后学习中、晚唐诗，继承了白居易、王建、张籍等诗人新乐府的现实主义精神，终于自成一家。风格平易浅显、清新妩媚。诗题材广泛，以反映农村社会生活内容的作品成就最高。他与杨万里、陆游、尤袤合称南宋“中兴四大诗人”。
州桥,宋代,范成大,州桥南北是天街，父老年年等驾回。#忍泪失声询使者，几时真有六军来？,州桥南北的天街之上，中原父老伫足南望，他们年年盼望王师返回。哭不成声，强忍泪水询问使者：什么时候真有我们朝廷的军队过来？,范成大（1126-1193），字致能，号称石湖居士。汉族，平江吴县（今江苏苏州）人。南宋诗人。谥文穆。从江西派入手，后学习中、晚唐诗，继承了白居易、王建、张籍等诗人新乐府的现实主义精神，终于自成一家。风格平易浅显、清新妩媚。诗题材广泛，以反映农村社会生活内容的作品成就最高。他与杨万里、陆游、尤袤合称南宋“中兴四大诗人”。
三江小渡,宋代,杨万里,溪水将桥不复回，小舟犹倚短篙开。#交情得似山溪渡，不管风波去又来。,溪水经过小桥后不再流回，小船还得依靠着短篙撑开。交情应像山溪渡恒久不变，不管风吹浪打却依然存在。,杨万里，字廷秀，号诚斋，男，汉族。吉州吉水（今江西省吉水县）人。南宋杰出诗人，与尤袤、范成大、陆游合称南宋“中兴四大诗人”、“南宋四大家”。
舟过安仁,宋代,杨万里,一叶渔船两小童，收篙停棹坐船中。#怪生无雨都张伞，不是遮头是使风。,一只渔船上，有两个小孩子，他们收起了竹竿，停下了船桨，坐在船中。怪不得没下雨他们就张开了伞，原来他们不是为了遮雨，而是想利用伞当帆让船前进啊。,杨万里，字廷秀，号诚斋，男，汉族。吉州吉水（今江西省吉水县）人。南宋杰出诗人，与尤袤、范成大、陆游合称南宋“中兴四大诗人”、“南宋四大家”。
初入淮河四绝句·其三,宋代,杨万里,两岸舟船各背驰，波痕交涉亦难为。#只余鸥鹭无拘管，北去南来自在飞。,N/A,杨万里，字廷秀，号诚斋，男，汉族。吉州吉水（今江西省吉水县）人。南宋杰出诗人，与尤袤、范成大、陆游合称南宋“中兴四大诗人”、“南宋四大家”。
小池,宋代,杨万里,泉眼无声惜细流，树阴照水爱晴柔。#小荷才露尖尖角，早有蜻蜓立上头。,泉眼悄然无声是因舍不得细细的水流，树荫倒映水面是喜爱晴天和风的轻柔。娇嫩的小荷叶刚从水面露出尖尖的角，早有一只调皮的小蜻蜓立在它的上头。,杨万里，字廷秀，号诚斋，男，汉族。吉州吉水（今江西省吉水县）人。南宋杰出诗人，与尤袤、范成大、陆游合称南宋“中兴四大诗人”、“南宋四大家”。
晓出净慈寺送林子方,宋代,杨万里,毕竟西湖六月中，风光不与四时同。#接天莲叶无穷碧，映日荷花别样红。,到底是西湖六月天的景色，风光与其它季节确实不同。荷叶接天望不尽一片碧绿，阳光下荷花分外艳丽鲜红。,杨万里，字廷秀，号诚斋，男，汉族。吉州吉水（今江西省吉水县）人。南宋杰出诗人，与尤袤、范成大、陆游合称南宋“中兴四大诗人”、“南宋四大家”。
宿新市徐公店,宋代,杨万里,篱落疏疏一径深，树头花落未成阴。#儿童急走追黄蝶，飞入菜花无处寻。,篱笆稀稀落落，一条小路通向远方，树上的花瓣纷纷飘落，却还尚未形成树阴。小孩子飞快地奔跑着追赶黄色的蝴蝶，可是蝴蝶突然飞入菜花丛中，再也找不到了。,杨万里，字廷秀，号诚斋，男，汉族。吉州吉水（今江西省吉水县）人。南宋杰出诗人，与尤袤、范成大、陆游合称南宋“中兴四大诗人”、“南宋四大家”。
题临安邸,宋代,林升,山外青山楼外楼，西湖歌舞几时休？#暖风熏得游人醉，直把杭州作汴州。,韵译青山无尽楼阁连绵望不见头，西湖上的歌舞几时才能停休？暖洋洋的香风吹得贵人如醉，简直是把杭州当成了那汴州。散译远处青山叠翠，近处楼台重重，西湖的歌舞何时才会停止？淫靡的香风陶醉了享乐的贵人们，简直是把偏安的杭州当作昔日的汴京！,林升，字云友，又字梦屏，温州横阳亲仁乡荪湖里林坳（今属苍南县繁枝林坳）人，（《水心集》卷一二有《与平阳林升卿谋葬父序》）。大约生活在南宋孝宗朝（1106-1170年），是一位擅长诗文的士人。事见《东瓯诗存》卷四。《西湖游览志余》录其诗一首。
活水亭观书有感二首·其二,宋代,朱熹,昨夜江边春水生，艨艟巨舰一毛轻。#向来枉费推移力，此日中流自在行。,昨天夜晚江边的春水大涨，那艘庞大的战船就像一根羽毛一样轻。以往花费许多力量也不能推动它，今天在水中间却能自在地移动。,朱熹（1130年9月15日～1200年4月23日），行五十二，小名沋郎，小字季延，字元晦，一字仲晦，号晦庵，晚称晦翁，又称紫阳先生、考亭先生、沧州病叟、云谷老人、沧洲病叟、逆翁。谥文，又称朱文公。汉族，祖籍南宋江南东路徽州府婺源县（今江西省婺源），出生于南剑州尤溪（今属福建三明市）。南宋著名的理学家、思想家、哲学家、教育家、诗人、闽学派的代表人物，世称朱子，是孔子、孟子以来最杰出的弘扬儒学的大师。
春日,宋代,朱熹,胜日寻芳泗水滨，无边光景一时新。#等闲识得东风面，万紫千红总是春。,风和日丽游春在泗水之滨，无边无际的风光焕然一新。谁都可以看出春天的面貌，春风吹得百花开放、万紫千红，到处都是春天的景致。,朱熹（1130年9月15日～1200年4月23日），行五十二，小名沋郎，小字季延，字元晦，一字仲晦，号晦庵，晚称晦翁，又称紫阳先生、考亭先生、沧州病叟、云谷老人、沧洲病叟、逆翁。谥文，又称朱文公。汉族，祖籍南宋江南东路徽州府婺源县（今江西省婺源），出生于南剑州尤溪（今属福建三明市）。南宋著名的理学家、思想家、哲学家、教育家、诗人、闽学派的代表人物，世称朱子，是孔子、孟子以来最杰出的弘扬儒学的大师。
立春偶成,宋代,张栻,律回岁晚冰霜少，春到人间草木知。#便觉眼前生意满，东风吹水绿参差。,时近年终冰霜渐渐减少，春回大地草木最先知晓。眼前只觉一片生机盎然，东风吹来水面绿波荡摇。,张栻是南宋中兴名相张浚之子。著名理学家和教育家，湖湘学派集大成者。与朱熹、吕祖谦齐名，时称“东南三贤”。官至右文殿修撰。著有《南轩集》。
除放自石湖归苕溪,宋代,姜夔,美人台上昔欢娱，今日空台望五湖。#残雪未融青草死，苦无麋鹿过姑苏。#黄帽传呼睡不成，投稿细细激流冰。#分明旧泊江南岸，舟尾春风飐客灯。#千门列炬散林鸦，儿女相思未到家。#应是不眠非守岁，小客春意入灯花。#三生定自陆天随，又向顺松作客归。#已拚新年舟上过，倩人和雪洗片衣。#沙尾风回一棹寒，椒花今夕不登盘。#百年草草都寒夜，自琢春词剪烛看。#笠泽茫茫雁影微，玉峰重叠护云衣。#长桥寂寞春寒放，只有诗人一舸归。#桑间篝火却定蚕，风土相传我未谙。#但得明年少行役，只裁白伫作春衫。#少小知名翰墨场，十年心事只凄凉。#旧时曾作梅花赋，研墨于今亦自香。#环玦随波冷未销，古苔留雪卧墙腰。#谁家玉笛吹春怨，看见鹅黄上柳条。,N/A,姜夔，南宋文学家、音乐家。人品秀拔，体态清莹，气貌若不胜衣，望之若神仙中人。往来鄂、赣、皖、苏、浙间，与诗人词家杨万里、范成大、辛弃疾等交游。庆元中，曾上书乞正太常雅乐，他少年孤贫，屡试不第，终生未仕，一生转徙江湖，靠卖字和朋友接济为生。他多才多艺，精通音律，能自度曲，其词格律严密。其作品素以空灵含蓄著称，有《白石道人歌曲》等。姜夔对诗词、散文、书法、音乐，无不精善，是继苏轼之后又一难得的艺术全才。
过垂虹,宋代,姜夔,自作新词韵最娇，小红低唱我吹箫。#曲终过尽松陵路，回首烟波十四桥。,我自创的新调，音韵是如此和谐美妙；小红轻轻地唱着，我为她伴奏，吹着洞箫。一曲唱完，小船已摇过了吴江县城；回望经过的水路，轻烟绿波，还有那一座座美丽的石桥。,姜夔，南宋文学家、音乐家。人品秀拔，体态清莹，气貌若不胜衣，望之若神仙中人。往来鄂、赣、皖、苏、浙间，与诗人词家杨万里、范成大、辛弃疾等交游。庆元中，曾上书乞正太常雅乐，他少年孤贫，屡试不第，终生未仕，一生转徙江湖，靠卖字和朋友接济为生。他多才多艺，精通音律，能自度曲，其词格律严密。其作品素以空灵含蓄著称，有《白石道人歌曲》等。姜夔对诗词、散文、书法、音乐，无不精善，是继苏轼之后又一难得的艺术全才。
新凉,宋代,徐玑,水满田畴稻叶齐，日光穿树晓烟低。#黄莺也爱新凉好，飞过青山影里啼。,一望无际的稻田里，水波微漾，整齐的稻子如刀削一般。清晨的阳光穿过树叶，投影在地上，晨雾在树间缭绕。黄莺也喜欢早晨的清凉时光，在青山的影子里欢快的啼鸣。,徐玑（1162～1214）字致中，又字文渊，号灵渊，浙江温州永嘉松台里人。祖籍福建晋江安海徐状元巷人，唐状元徐晦之裔。“皇考潮州太守定，始为温州永嘉人”。福建晋江徐定第三子，受父“致仕恩”得职，浮沉州县，为官清正，守法不阿，为民办过有益之事。“诗与徐照如出一手，盖四灵同一机轴，而二人才分尤相近”（纪昀《四库全书总目录》）有《二激亭诗集》。亦喜书法，“无一食去纸笔；暮年，书稍近《兰亭》”（叶适《徐文渊墓志铭》）后改长泰令，未至官即去世。
约客,宋代,赵师秀,黄梅时节家家雨，青草池塘处处蛙。#有约不来过夜半，闲敲棋子落灯花。,梅子黄时，家家都被笼罩在雨中，长满青草的池塘边上，传来阵阵蛙声。时间已过午夜，已约请好的客人还没有来，我无聊地轻轻敲着棋子，震落了点油灯时灯芯结出的疙瘩。,赵师秀（1170～1219年）字紫芝，号灵秀，亦称灵芝，又号天乐。永嘉（今浙江温州）人。南宋诗人。
乡村四月,宋代,翁卷,绿遍山原白满川，子规声里雨如烟。#乡村四月闲人少，才了蚕桑又插田。,山坡田野间草木茂盛，稻田里的水色与天光相辉映。天空中烟雨蒙蒙，杜鹃声声啼叫，大地一片欣欣向荣的景象。四月到了，没有人闲着，刚刚结束了蚕桑的事又要插秧了。,翁卷，字续古，一字灵舒，乐清（今属浙江）人。工诗，为“永嘉四灵”之一。曾领乡荐（《四库提要》作“尝登淳佑癸卯乡荐”，《乐清县志》承此，而近人以为是淳熙癸卯，相差一个甲子。衡诸翁卷生平，前者过早，后者过尽，疑都不确），生平未仕。以诗游士大夫间。有《四岩集》，《苇碧轩集》。清光绪《乐清县志》卷八有传。
江村晚眺,宋代,戴复古,江头落日照平沙，潮退渔船阁岸斜。#白鸟一双临水立，见人惊起入芦花。,N/A,戴复古（1167—?)）南宋著名江湖派诗人。字式之，常居南塘石屏山，故自号石屏、石屏樵隐。天台黄岩（今属浙江台州）人。一生不仕，浪游江湖，后归家隐居，卒年八十余。曾从陆游学诗，作品受晚唐诗风影响，兼具江西诗派风格。部分作品抒发爱国思想，反映人民疾苦，具有现实意义。
淮村兵后,宋代,戴复古,小桃无主自开花，烟草茫茫带晚鸦。#几处败垣围故井，向来一一是人家。,寂寞的一株小桃树，没人欣赏，默默地开着红花。满眼是迷离的春草，笼罩着雾气，黄昏里盘旋着几只乌鸦。一处处毁坏倒塌的矮墙，缭绕着废弃的水井；这里与那里，原先都住满了人家。,戴复古（1167—?)）南宋著名江湖派诗人。字式之，常居南塘石屏山，故自号石屏、石屏樵隐。天台黄岩（今属浙江台州）人。一生不仕，浪游江湖，后归家隐居，卒年八十余。曾从陆游学诗，作品受晚唐诗风影响，兼具江西诗派风格。部分作品抒发爱国思想，反映人民疾苦，具有现实意义。
游园不值,宋代,叶绍翁,应怜屐齿印苍苔，小扣柴扉久不开。#春色满园关不住，一枝红杏出墙来。,也许是园主担心我的木屐踩坏他那爱惜的青苔，轻轻地敲柴门，久久没有人来开。可是这满园的春色毕竟是关不住的，你看，那儿有一枝粉红色的杏花伸出墙头来。,叶绍翁，南宋中期诗人，字嗣宗，号靖逸，处州龙泉人。祖籍建安（今福建建瓯），本姓李，后嗣于龙泉(今属浙江丽水)叶氏。生卒年不详。曾任朝廷小官。其学出自叶适，他长期隐居钱塘西湖之滨，与真德秀交往甚密，与葛天民互相酬唱。
落梅,宋代,刘克庄,一片能教一断肠，可堪平砌更堆墙。#飘如迁客来过岭，坠似骚人去赴湘。#乱点莓苔多莫数，偶粘衣袖久犹香。#东风谬掌花权柄，却忌孤高不主张。,每一片飘零的梅花都教人触目愁肠，更哪堪残缺的花瓣凋落如雪片，铺满了台阶又堆上了墙头呢？飘零的梅花就像匆匆过岭的迁客，坠落的梅花犹如不得已赴湘的骚人。那么多原来美好高洁的花朵，如今却沉沦泥土与莓苔为伍，然而偶然粘上衣袖的香气，还久久不去。啊，让东风执掌对百花的生杀予夺大权，真是差矣错矣，它忌妒梅花的孤高，对梅花任意摧残，根本不讲怜香惜玉。,刘克庄(1187～1269)南宋诗人、词人、诗论家。字潜夫，号后村。福建莆田人。宋末文坛领袖，辛派词人的重要代表，词风豪迈慷慨。在江湖诗人中年寿最长，官位最高，成就也最大。晚年致力于辞赋创作，提出了许多革新理论。
莺梭,宋代,刘克庄,掷柳迁乔太有情，交交时作弄机声。#洛阳三月花如锦，多少工夫织得成。,春天，黄莺飞鸣迅速，穿梭于园林之间，时而在柳树上，时而在乔木上，似乎对林间的一切都有着深厚的情感。黄莺的啼叫声就像踏动织布机时发出的声音一般。洛阳三月，百花争奇斗艳，竞相开放，犹如锦绣。你看那些辛勤的黄莺正忙碌于园林之中，正是它们，费了多么大的工夫，才织成如此壮丽迷人的春色啊！,刘克庄(1187～1269)南宋诗人、词人、诗论家。字潜夫，号后村。福建莆田人。宋末文坛领袖，辛派词人的重要代表，词风豪迈慷慨。在江湖诗人中年寿最长，官位最高，成就也最大。晚年致力于辞赋创作，提出了许多革新理论。
初夏游张园,宋代,戴复古,乳鸭池塘水浅深，熟梅天气半阴晴。#东园载酒西园醉，摘尽枇杷一树金。,小鸭在池塘中或浅或深的水里嬉戏，梅子已经成熟了，天气半晴半阴。在这宜人的天气里，邀约一些朋友，载酒宴游了东园又游西园。风景如画，心情格外舒畅，尽情豪饮，有人已经醉醺醺了。园子里的枇杷果实累累，像金子一样垂挂在树上，正好都摘下来供酒后品尝。,戴复古（1167—?)）南宋著名江湖派诗人。字式之，常居南塘石屏山，故自号石屏、石屏樵隐。天台黄岩（今属浙江台州）人。一生不仕，浪游江湖，后归家隐居，卒年八十余。曾从陆游学诗，作品受晚唐诗风影响，兼具江西诗派风格。部分作品抒发爱国思想，反映人民疾苦，具有现实意义。
春暮,宋代,曹豳,门外无人问落花，绿阴冉冉遍天涯。#林莺啼到无声处，青草池塘独听蛙。,暮春时节，已没有人过问路上的落花，只见浓郁的树荫，无边无际，遍及天涯。林间的黄莺早已不再啼叫了，只能独自一人迈向长满青草的池塘畔，去聆听青蛙的叫声。,曹豳(bīn)（1170-1249）字西士，号东亩，一作东猷，温州瑞安（今属浙江）人。嘉泰二年（1202）进士。授安吉州教授，调重庆府司法参军，改知建昌。绍定六年（1233），擢秘书丞，兼仓部郎官。端平元年（1234），除浙西提举常平，移浙东提点刑狱。嘉熙初，召为左司谏。与王万、郭磊卿、徐清叟俱负直声，时号“嘉熙四谏”。嘉熙三年（1239），知福州，以礼部侍郎召，为台臣所沮，遂守宝章阁待制致仕。淳祐九年卒，年八十，谥文恭。刘克庄为撰神道碑（《后村先生大全集》卷一四四），《宋史》附《曹叔远传》。《全宋词》辑其词二首。
绝句·古木阴中系短篷,宋代,志南,古木阴中系短篷，杖藜扶我过桥东。#沾衣欲湿杏花雨，吹面不寒杨柳风。,我在高大的古树阴下拴好了小船；拄着拐杖，走过小桥，恣意欣赏这美丽的春光。丝丝细雨，淋不湿我的衣衫；它飘洒在艳丽的杏花上，使花儿更加灿烂。阵阵微风，吹着我的脸已不使人感到寒；它舞动着嫩绿细长的柳条，格外轻飏。,南宋诗僧，志南是他的法号，生平不详。志南的生活状态已不考，他在当时的文坛上也没有“中兴四大诗人”以及“二泉先生”诸人的风头那么前。但就这短短的一首诗，就以其对早春二月的细腻感受和真切描写，把自己的名字载入了宋代诗史。
过零丁洋,宋代,文天祥,辛苦遭逢起一经，干戈寥落四周星。#山河破碎风飘絮，身世浮沉雨打萍。#惶恐滩头说惶恐，零丁洋里叹零丁。#人生自古谁无死？#留取丹心照汗青。,回想我早年由科举入仕历尽辛苦，如今战火消歇已熬过了四个年头。国家危在旦夕恰如狂风中的柳絮，自己一生的坎坷如雨中浮萍漂泊无根时起时沉。惶恐滩的惨败让我至今依然惶恐，零丁洋身陷元虏可叹我孤苦零丁。人生自古以来有谁能够长生不死？我要留一片爱国的丹心映照史册。,文天祥（1236.6.6－1283.1.9），字履善，又字宋瑞，自号文山，浮休道人。汉族，吉州庐陵（今江西吉安县）人，南宋末大臣，文学家，民族英雄。宝祐四年（1256年）进士，官到右丞相兼枢密史。被派往元军的军营中谈判，被扣留。后脱险经高邮嵇庄到泰县塘湾，由南通南归，坚持抗元。祥光元年（1278年）兵败被张弘范俘虏，在狱中坚持斗争三年多，后在柴市从容就义。著有《过零丁洋》、《文山诗集》、《指南录》、《指南后录》、《正气歌》等作品。
二砺,宋代,郑思肖,愁里高歌梁父吟，犹如金玉戛商音。#十年勾践亡吴计，七日包胥哭楚心。#秋送新鸿哀破国，昼行饥虎齧空林。#胸中有誓深于海，肯使神州竟陆沉？,愁闷时高歌一曲《梁父吟》，象敲金击玉一般发出悲凉的声音。要学勾践立下十年亡吴的大计，有包胥哭师秦庭七天七夜的坚心。秋雁悲鸣也懂得亡国的惨痛，空林饿虎白昼也要出来咬人。我心中立下比海还深的誓愿，决不让中国大好河山永远沉沦！,郑思肖（1241～1318）宋末诗人、画家，连江（今属福建）人。原名不详，宋亡后改名思肖，因肖是宋朝国姓赵的组成部分。字忆翁，表示不忘故国；号所南，日常坐卧，要向南背北。亦自称菊山后人、景定诗人、三外野人、三外老夫等。曾以太学上舍生应博学鸿词试。元军南侵时，曾向朝廷献抵御之策，未被采纳。后客居吴下，寄食报国寺。郑思肖擅长作墨兰，花叶萧疏而不画根土，意寓宋土地已被掠夺。有诗集《心史》、《郑所南先生文集》、《所南翁一百二十图诗集》等。
寒菊/画菊,宋代,郑思肖,花开不并百花丛，独立疏篱趣未穷。#宁可枝头抱香死，何曾吹落北风中。,你在秋天盛开，从不与百花为丛。独立在稀疏的篱笆旁边，你的情操意趣并未衰穷。宁可在枝头上怀抱着清香而死，绝不会吹落于凛冽北风之中！,郑思肖（1241～1318）宋末诗人、画家，连江（今属福建）人。原名不详，宋亡后改名思肖，因肖是宋朝国姓赵的组成部分。字忆翁，表示不忘故国；号所南，日常坐卧，要向南背北。亦自称菊山后人、景定诗人、三外野人、三外老夫等。曾以太学上舍生应博学鸿词试。元军南侵时，曾向朝廷献抵御之策，未被采纳。后客居吴下，寄食报国寺。郑思肖擅长作墨兰，花叶萧疏而不画根土，意寓宋土地已被掠夺。有诗集《心史》、《郑所南先生文集》、《所南翁一百二十图诗集》等。
寒夜,宋代,杜耒,寒夜客来茶当酒，竹炉汤沸火初红。#寻常一样窗前月，才有梅花便不同。,冬天的夜晚，来了客人，用茶当酒，吩咐小童煮茗，火炉中的火苗开始红了起来了，水在壶里沸腾着，屋子里暖烘烘的。月光照射在窗前，与平时并没有什么两样，只是窗前有几枝梅花在月光下幽幽地开着，芳香袭人。这使得今日的月色显得与往日格外地不同了。,杜耒lěi（？——1225），南宋诗人。字子野，号小山，今江西抚州人。尝官主簿，后入山阳帅幕，理宗宝庆三年死于军乱。其事迹见于《续资治通鉴》卷一六四。
雪梅·其一,宋代,卢梅坡,梅雪争春未肯降，骚人搁笔费评章。#梅须逊雪三分白，雪却输梅一段香。,梅花和雪花都认为各自占尽了春色，谁也不肯服输。难坏了诗人，难写评判文章。说句公道话，梅花须逊让雪花三分晶莹洁白，雪花却输给梅花一段清香。,卢梅坡，宋朝末年人，具体生卒年、生平事迹不详，存世诗作也不多，与刘过是朋友，以两首雪梅诗留名千古。
武夷山中,宋代,谢枋得,十年无梦得还家，独立青峰野水涯。#天地寂寥山雨歇，几生修得到梅花？,十年的岁月连回家的梦想都不曾有过，此时此刻我独立青峰之上面对着野水无涯。山雨初停的时候，天地间一片寂寥的景象，我要经历多少岁月才能修炼成梅花那样的品格呢？,谢枋得(1226～1289年)：南宋进士，江西信州弋阳人，字君直，号叠山，别号依斋，担任六部侍郎，聪明过人，文章奇绝；学通“六经”，淹贯百家，带领义军在江东抗元，被俘不屈，在北京殉国，作品收录在《叠山集》。
月儿弯弯照九州,宋代,佚名,月儿弯弯照九州，几家欢乐几家愁。#几家夫妇同罗帐，几个飘零在外头？,一弯月牙照人间，多少人家欢乐，多少人家忧愁。有多少人家能夫妻团聚，享受天伦之乐；又有多少人家无依无靠，四处飘零？,N/A
绝句,元代,王庭筠,竹影和诗瘦，梅花入梦香。#可怜今夜月，不肯下西厢。,清瘦的竹影和着诗句，梅花的香气伴着我入梦。可惜我的心情就像今晚的月亮，迟迟不肯落下西厢房。,王庭筠（1151～1202）金代文学家、书画家。字子端，号黄华山主、黄华老人、黄华老子，别号雪溪。金代辽东人（今营口熊岳），米芾之甥。庭筠文名早著，金大定十六年（1176）进士，历官州县，仕至翰林修撰。文词渊雅，字画精美，《中州雅府》收其词作十六首，以幽峭绵渺见长。
台山杂咏,金朝,元好问,西北天低五顶高，茫茫松海露灵鳌。#太行直上犹千里，井底残山枉呼号。#万壑千岩位置雄，偶从天巧见神功。#湍溪已作风雷恶，更在云山气象中。#山云吞吐翠微中，淡绿深青一万重。#此景只应天上有，岂知身在妙高峰？,N/A,元好问，字裕之，号遗山，太原秀容（今山西忻州）人；系出北魏鲜卑族拓跋氏，元好问过继叔父元格；七岁能诗，十四岁从学郝天挺，六载而业成；兴定五年（1221）进士，不就选；正大元年（1224），中博学宏词科，授儒林郎，充国史院编修，历镇平、南阳、内乡县令。八年（1231）秋，受诏入都，除尚书省掾、左司都事，转员外郎；金亡不仕，元宪宗七年卒于获鹿寓舍；工诗文，在金元之际颇负重望；诗词风格沉郁，并多伤时感事之作。其《论诗》绝句三十首在中国文学批评史上颇有地位；作有《遗山集》又名《遗山先生文集》，编有《中州集》。
壬辰十二月车驾东狩后即事,金朝,元好问,惨澹龙蛇日斗争，干戈直欲尽生灵。#高原出水山河改，战地风来草木腥。#精卫有冤填瀚海，包胥无泪哭秦庭。#并州豪杰知谁在，莫拟分军下井陉。,N/A,元好问，字裕之，号遗山，太原秀容（今山西忻州）人；系出北魏鲜卑族拓跋氏，元好问过继叔父元格；七岁能诗，十四岁从学郝天挺，六载而业成；兴定五年（1221）进士，不就选；正大元年（1224），中博学宏词科，授儒林郎，充国史院编修，历镇平、南阳、内乡县令。八年（1231）秋，受诏入都，除尚书省掾、左司都事，转员外郎；金亡不仕，元宪宗七年卒于获鹿寓舍；工诗文，在金元之际颇负重望；诗词风格沉郁，并多伤时感事之作。其《论诗》绝句三十首在中国文学批评史上颇有地位；作有《遗山集》又名《遗山先生文集》，编有《中州集》。
同儿辈赋未开海棠,金朝,元好问,枝间新绿一重重，小蕾深藏数点红。#爱惜芳心莫轻吐，且教桃李闹春风。,海棠枝间新长出的绿叶层层叠叠的，小花蕾隐匿其间微微泛出些许的红色。一定要爱惜自己那芳香的心，不要轻易地盛开，姑且让桃花李花在春风中尽情绽放吧！,元好问，字裕之，号遗山，太原秀容（今山西忻州）人；系出北魏鲜卑族拓跋氏，元好问过继叔父元格；七岁能诗，十四岁从学郝天挺，六载而业成；兴定五年（1221）进士，不就选；正大元年（1224），中博学宏词科，授儒林郎，充国史院编修，历镇平、南阳、内乡县令。八年（1231）秋，受诏入都，除尚书省掾、左司都事，转员外郎；金亡不仕，元宪宗七年卒于获鹿寓舍；工诗文，在金元之际颇负重望；诗词风格沉郁，并多伤时感事之作。其《论诗》绝句三十首在中国文学批评史上颇有地位；作有《遗山集》又名《遗山先生文集》，编有《中州集》。
博浪沙,元代,陈孚,一击车中胆气豪，祖龙社稷已惊摇；如何十二金人外，犹有人间铁未销？,N/A,陈孚(生卒年不详)，海南省海口市琼山区人。宋庆历间(1041～1048)，尝从郡守建阳宋贯之学。由是登第，乡人慕之，始习进士业，琼人举进士自孚始。被祀为琼州府乡贤。
山家,元代,刘因,马蹄踏水乱明霞，醉袖迎风受落花。#怪见溪童出门望，雀声先我到山家。,N/A,刘因（1249～1293）元代著名理学家、诗人。字梦吉，号静修。初名骃，字梦骥。雄州容城（今河北容城县）人。3岁识字，6岁能诗，10岁能文，落笔惊人。年刚20，才华出众，性不苟合。家贫教授生徒，皆有成就。因爱诸葛亮“静以修身”之语，题所居为“静修”。元世祖至元十九年(1282)应召入朝，为承德郎、右赞善大夫。不久借口母病辞官归。母死后居丧在家。至元二十八年，忽必烈再度遣使召刘因为官，他以疾辞。死后追赠翰林学士、资政大夫、上护军、追封“容城郡公”，谥“文靖”。明朝，县官乡绅为刘因建祠堂。
东城,元代,赵孟頫,野店桃花红粉姿，陌头杨柳绿烟丝。#不因送客东城去，过却春光总不知。,N/A,赵孟頫（1254—1322），字子昂，号松雪，松雪道人，又号水精宫道人、鸥波，中年曾作孟俯，汉族，吴兴（今浙江湖州）人。元代著名画家，楷书四大家（欧阳询、颜真卿、柳公权、赵孟頫）之一。赵孟頫博学多才，能诗善文，懂经济，工书法，精绘艺，擅金石，通律吕，解鉴赏。特别是书法和绘画成就最高，开创元代新画风，被称为“元人冠冕”。他也善篆、隶、真、行、草书，尤以楷、行书著称于世。
临平泊舟,元代,黄庚,客舟系缆柳阴旁，湖影侵篷夜气凉。#万顷波光摇月碎，一天风露藕花香。,N/A,黄庚，字星甫，号天台山人，天台（今属浙江）人。出生宋末，早年习举子业。元初“科目不行，始得脱屣场屋，放浪湖海，发平生豪放之气为诗文”。以游幕和教馆为生，曾较长期客越中王英孙（竹所）、任月山家。与宋遗民林景熙、仇远等多有交往，释绍嵩《亚愚江浙纪行集句诗》亦摘录其句。卒年八十馀。晚年曾自编其诗为《月屋漫稿》。事见本集卷首自序及集中有关诗文。　　黄庚诗，以原铁琴铜剑楼藏四卷抄本（今藏北京图书馆）为底本。校以影印文渊阁《四库全书》本（简称四库本）。两本卷次不同，文字亦各有错诲空缺，而底本多出校本诗十馀首。
到京师,元代,杨载,城雪初消荠菜生，角门深巷少人行。#柳梢听得黄鹂语，此是春来第一声。,N/A,杨载（1271—1323）元代中期著名诗人，与虞集、范梈、揭傒斯齐名，并称为“元诗四大家”。字仲弘，浦城（今福建浦城县）人。延祐二年进士，授承务郎，官至宁国路总管府推官。杨载文名颇大，文章以气为主，诗作含蓄，颇有新的意境。
院中独坐,元代,虞集,何处它年寄此生，山中江上总关情。#无端绕屋长松树，尽把风声作雨声。,N/A,虞集（1272～1348）元代著名学者、诗人。字伯生，号道园，人称邵庵先生。少受家学，尝从吴澄游。成宗大德初，以荐授大都路儒学教授，李国子助教、博士。仁宗时，迁集贤修撰，除翰林待制。文宗即位，累除奎章阁侍书学士。领修《经世大典》，著有《道园学古录》、《道园遗稿》。虞集素负文名，与揭傒斯、柳贯、黄溍并称“元儒四家”；诗与揭傒斯、范梈、杨载齐名，人称“元诗四家”。
画鸭,元代,揭傒斯,春草细还生，春雏养渐成。#茸茸毛色起，应解自呼名。,N/A,揭傒斯（1274～1344）元代著名文学家、书法家、史学家。字曼硕，号贞文，龙兴富州（今江西丰城杜市镇大屋场）人。家贫力学，大德年间出游湘汉。延佑初年由布衣荐授翰林国史院编修官，迁应奉翰林文字，前后三入翰林，官奎章阁授经郎、迁翰林待制，拜集贤学士，翰林侍讲学士阶中奉大夫，封豫章郡公，修辽、金、宋三史，为总裁官。《辽史》成，得寒疾卒于史馆，谥文安，著有《文安集》，为文简洁严整，为诗清婉丽密。善楷书、行、草，朝廷典册，多出其手。与虞集、杨载、范梈同为“元诗四大家”之一，又与虞集、柳贯、黄溍并称“儒林四杰。”
墨梅,元代,王冕,吾家洗砚池头树，个个花开淡墨痕。#不要人夸好颜色，只流清气满乾坤。,我家洗砚池边有一棵梅树，朵朵开放的梅花都显出淡淡的墨痕。不需要别人夸它的颜色好看，只需要梅花的清香之气弥漫在天地之间。,元代诗人、文学家、书法家、画家王冕，字元章，号煮石山农，浙江诸暨人。出身农家。幼年丧父，在秦家放牛，每天利用放牛的时间画荷花，晚至寺院长明灯下读书，学识深邃，能诗，青团墨梅。隐居九里山，以卖画为生。画梅以胭脂作梅花骨体，或花密枝繁，别具风格，亦善写竹石。兼能刻印，用花乳石作印材，相传是他始创。著有《竹斋集》《墨梅图题诗》等。
湖上,宋代,徐元杰,花开红树乱莺啼，草长平湖白鹭飞。#风日晴和人意好，夕阳箫鼓几船归。,在那开满了红花的树上，欢跃的群莺在不停的鸣叫，西湖岸边已长满了青草，成群白鹭在平静的湖面上翻飞。暖风晴和的天气，人的心情也很好，趁着夕阳余晖，伴着阵阵的鼓声箫韵，人们划着一只只船儿尽兴而归。,徐元杰（1196－1246），字仁伯，号梅野，上饶县八都黄塘人，自幼聪慧，才思敏捷。早从朱熹门人陈文蔚学，后师事真德秀。官至工部侍郎，谥忠愍。有文集二十五卷，景定三年（1262）由其子直谅刊于兴化，已佚。清四车馆臣据《永乐大典》辑为《楳埜集》十二卷。事见本集卷首赵汝腾序、卷末徐直谅跋，《宋史》卷四二四有传。师学朱熹。南宋绍定五年进士，累官至大堂寺少卿，兼给事中国子祭酒，擢中书舍人。著有《梅野集》十二卷，传于世。
上京即事,元代,萨都剌,牛羊散漫落日下，野草生香乳酪甜。#卷地朔风沙似雪，家家行帐下毡帘。,牛羊在落日下散步，空气中弥漫着野草的清香和乳酪的香甜。忽然间狂风大作，沙尘像雪一般袭来，家家都把帐篷的毡帘放下来。,萨都剌（约1272—1355）元代诗人、画家、书法家。字天锡，号直斋。回族（一说蒙古族）。其先世为西域人，出生于雁门（今山西代县），泰定四年进士。授应奉翰林文字，擢南台御史，以弹劾权贵，左迁镇江录事司达鲁花赤，累迁江南行台侍御史，左迁淮西北道经历，晚年居杭州。萨都剌善绘画，精书法，尤善楷书。有虎卧龙跳之才，人称燕门才子。他的文学创作，以诗歌为主，诗词内容，以游山玩水、归隐赋闲、慕仙礼佛、酬酢应答之类为多，思想价值不高。萨都剌还留有《严陵钓台图》和《梅雀》等画，现珍藏于北京故宫博物院。
京师得家书,明代,袁凯,江水三千里，家书十五行。#行行无别语，只道早还乡。,绵绵的江水有三千里长，家书有十五行那么长。行行之间没有其他的言语，只是告诉我要尽早回到故乡。,袁凯，生卒年不详，字景文，号海叟，明初诗人，以《白燕》一诗负盛名，人称袁白燕。松江华亭（今上海市松江县）人，洪武三年（1370）任监察御史，后因事为朱元璋所不满，伪装疯癫，以病免职回家，终“以寿终”。著有《海叟集》4卷。
天平山中,明代,杨基,细雨茸茸湿楝花，南风树树熟枇杷；徐行不记山深浅，一路莺啼送到家。,细雨蒙蒙打湿了楝花，在南风的吹拂下，每棵枇杷树的果实都慢慢变熟了。顺着山路慢慢地走着，竟不知路途远近。沿路的黄莺鸣叫着把我送到了家。,杨基（1326～1378）元末明初诗人。字孟载，号眉庵。原籍嘉州（今四川乐山），大父仕江左，遂家吴中（今浙江湖州），“吴中四杰”之一。元末，曾入张士诚幕府，为丞相府记室，后辞去。明初为荥阳知县，累官至山西按察使，后被谗夺官，罚服劳役。死于工所。杨基诗风清俊纤巧，其中五言律诗《岳阳楼》境界开阔，时人称杨基为“五言射雕手”。少时曾著《论鉴》十万余言。又于杨维桢席上赋《铁笛》诗，当时维桢已成名流，对杨基倍加称赏：“吾意诗境荒矣，今当让子一头地。”杨基与高启、张羽、徐贲为诗友，时人称为“吴中四杰”。
春暮西园,明代,高启,绿池芳草满晴波，春色都从雨里过。#知是人家花落尽，菜畦今日蝶来多。,在绿水盈盈、芳草萋萋的美景里，春天的美丽的光景仿佛快要从春雨中走过的样子。而在这暮春时节里虽然农人家的话快要落尽了，但菜畦地里今天来的蝴蝶分外的多。,高启（1336－1373）汉族，江苏苏州人，元末明初著名诗人，与杨基、张羽、徐贲被誉为“吴中四杰”，当时论者把他们比作“明初四杰”，又与王行等号“北郭十友”。字季迪，号槎轩，平江路（明改苏州府）长洲县（今江苏省苏州市）人；洪武初，以荐参修《元史》，授翰林院国史编修官，受命教授诸王。擢户部右侍郎。苏州知府魏观在张士诚宫址改修府治，获罪被诛。高启曾为之作《上梁文》，有“龙蟠虎踞”四字，被疑为歌颂张士诚，连坐腰斩。有《高太史大全集》、《凫藻集》等。
寻胡隐君,明代,高启,渡水复渡水，看花还看花。#春风江上路，不觉到君家。,一路上渡过了一道水又一道水，河边路旁长满了看也看不尽的鲜花。因为一路上春光明媚、风景幽美，我不知不觉就来到您的家了。,高启（1336－1373）汉族，江苏苏州人，元末明初著名诗人，与杨基、张羽、徐贲被誉为“吴中四杰”，当时论者把他们比作“明初四杰”，又与王行等号“北郭十友”。字季迪，号槎轩，平江路（明改苏州府）长洲县（今江苏省苏州市）人；洪武初，以荐参修《元史》，授翰林院国史编修官，受命教授诸王。擢户部右侍郎。苏州知府魏观在张士诚宫址改修府治，获罪被诛。高启曾为之作《上梁文》，有“龙蟠虎踞”四字，被疑为歌颂张士诚，连坐腰斩。有《高太史大全集》、《凫藻集》等。
春雁,明代,王恭,春风一夜到衡阳，楚水燕山万里长。#莫道春来便归去，江南虽好是他乡。,一夜间，春风吹遍了衡阳城，雁儿盘算着路程，准备立刻从楚水边飞回燕山旁。不要怪我春天一来就要回去，江南虽好，却是他乡！,王恭(1343-?)，字安仲，长乐沙堤人。家贫，少游江湖间，中年隐居七岩山，为樵夫20多年，自号“皆山樵者”。善诗文，与高木秉、陈亮等诸文士唱和，名重一时。诗人王曾为他作《皆山樵者传》。明永乐二年(1404年)，年届六十岁的王恭以儒士荐为翰林待诏，敕修《永乐大典》。永乐五年，《永乐大典》修成，王恭试诗高第，授翰林典籍。不久，辞官返里。王恭作诗，才思敏捷，下笔千言立就，诗风多凄婉，隐喻颇深。为闽中十才子之一，著有《白云樵集》四卷，《草泽狂歌》五卷及《风台清啸》等。
发淮安,明代,杨士奇,岸蓼疏红水荇青，茨菰花白小如萍。#双鬟短袖惭人见，背立船头自采菱。,岸边的蓼草淡红水中的荇草青青，慈姑开着白花小小如萍。她梳着双鬟穿着短袖羞于见人，背着身子立在船头自顾采菱。,杨士奇（1366～1444），明代大臣、学者，名寓，字士奇，以字行，号东里，谥文贞，汉族，江西泰和（今江西泰和县澄江镇）人。官至礼部侍郎兼华盖殿大学士，兼兵部尚书，历五朝，在内阁为辅臣四十余年，首辅二十一年。与杨荣、杨溥同辅政，并称“三杨”，因其居地所处，时人称之为“西杨”。“三杨”中，杨士奇以“学行”见长，先后担任《明太宗实录》、《明仁宗实录》、《明宣宗实录》总裁。
幼女词,明代,毛铉,下床着新衣，初学小姑拜。#低头羞见人，双手结裙带。,幼女下床穿上新衣，初次学着新娘的拜堂礼。恐怕他人取笑羞的不敢抬头，紧张的不停抚弄裙带。,毛铉，字鼎臣，山阴（今浙江省绍兴县）人。明洪武时在陕西一带从军戍边，后任国子学录。他的诗些富于生活气息。
乡人至夜话,明代,李昌祺,形容不识识乡音，挑尽寒灯到夜深。#故旧凭君休更说，老怀容易便沾襟。,N/A,李昌祺（1376～1452）明代小说家。名祯，字昌祺、一字维卿，以字行世，号侨庵、白衣山人、运甓居士，庐陵（今江西吉安）人。永乐二年进士，官至广西布政使，为官清厉刚正，救灾恤贫，官声甚好。且才华富赡，学识渊博，诗集有《运甓漫稿》，又仿瞿佑《剪灯新话》作《剪灯余话》。
石灰吟,明代,于谦,千锤万凿出深山，烈火焚烧若等闲。#粉骨碎身全不怕，要留清白在人间。,（石灰石）只有经过千万次锤打才能从深山里开采出来，它把熊熊烈火的焚烧当作很平常的一件事。即使粉身碎骨也毫不惧怕，甘愿把一身清白留在人世间。,于谦（1398年5月13日－1457年2月16日），字廷益，号节庵，官至少保，世称于少保。汉族，明朝浙江承宣布政使司杭州钱塘县人。因参与平定汉王朱高煦谋反有功，得到明宣宗器重，担任明朝山西河南巡抚。明英宗时期，因得罪王振下狱，后释放，起为兵部侍郎。土木之变后英宗被俘，郕王朱祁钰监国，擢兵部尚书。于谦力排南迁之议，决策守京师，与诸大臣请郕王即位。瓦剌兵逼京师，督战，击退之。论功加封少保，总督军务，终迫也先遣使议和，使英宗得归。天顺元年因“谋逆”罪被冤杀。谥曰忠肃。有《于忠肃集》。于谦与岳飞、张煌言并称“西湖三杰”。
题画,明代,沈周,碧水丹山映杖藜，夕阳犹在小桥西。#微吟不道惊溪鸟，飞入乱云深处啼。,拄着拐杖悠闲漫步在青山绿水之间，还未落山的太阳斜斜的挂在小桥的西边。轻声低语却不小心惊飞了溪鸟，它们啼叫着飞入那乱云的深处。,沈周（1427～1509）明代杰出书画家。字启南，号石田、白石翁、玉田生、有居竹居主人等。汉族，长洲（今江苏苏州）人。生於明宣德二年，卒於明正德四年，享年八十三岁。不应科举，专事诗文、书画，是明代中期文人画“吴派”的开创者，与文徵明、唐寅、仇英并称“明四家”。传世作品有《庐山高图》、《秋林话旧图》、《沧州趣图》。著有《石田集》、《客座新闻》等。
柯敬仲墨竹,明代,李东阳,莫将画竹论难易，刚道繁难简更难。#君看萧萧只数叶，满堂风雨不胜寒。,不要随意地谈论画竹的难与易，应该说工笔不易写意更加难。您看他萧疏地涂下几片竹叶，便渲染出满堂风雨寒气凛然。,李东阳（1447年－1516年），字宾之，号西涯，谥文正，明朝中叶重臣，文学家，书法家，茶陵诗派的核心人物。湖广长沙府茶陵州（今湖南茶陵）人，寄籍京师（今北京市）。天顺八年进士，授编修，累迁侍讲学士，充东宫讲官，弘治八年以礼部侍郎兼文渊阁大学士，直内阁，预机务。立朝五十年，柄国十八载，清节不渝。文章典雅流丽，工篆隶书。有《怀麓堂集》、《怀麓堂诗话》、《燕对录》。
言志,明代,唐寅,不炼金丹不坐禅，不为商贾不耕田。#闲来写就青山卖，不使人间造孽钱。,我不像道士那样去炼金丹以追求人生不老，也不像和尚那样去坐禅；我不去做商人，也不做农夫去耕田。空闲的时候我就画一些画去卖，不用那些人世间作孽得来的钱。,唐寅（1470—1523），字伯虎，一字子畏，号六如居士、桃花庵主、鲁国唐生、逃禅仙吏等，汉族，南直隶苏州吴县人。明代著名画家、文学家。据传他于明宪宗成化六年庚寅年寅月寅日寅时生。他玩世不恭而又才气横溢，诗文擅名，与祝允明、文征明、徐祯卿并称“江南四大才子（吴门四才子）”，画名更著，与沈周、文征明、仇英并称“吴门四家”。
船板床,明代,李梦阳,船板胡在兹，而我寝其上。#情知非江湖，梦寐亦风浪。,N/A,李梦阳（1472-1530)，字献吉，号空同，汉族，庆阳府安化县(今甘肃省庆城县)人，迁居开封，工书法，得颜真卿笔法，精于古文词，提倡“文必秦汉，诗必盛唐”，强调复古，《自书诗》师法颜真卿，结体方整严谨，不拘泥规矩法度，学卷气浓厚。明代中期文学家，复古派前七子的领袖人物。
在武昌作,明代,徐祯卿,洞庭叶未下，潇湘秋欲生。#高斋今夜雨，独卧武昌城。#重以桑梓念，凄其江汉情。#不知天外雁，何事乐长征？,洞庭湖畔树叶还没有掉落，潇湘一带秋天正要来临。高敞的书斋，今夜风雨飘摇，孤独地躺卧在武昌城中。对故乡的思念重又萦绕心头，身处江汉不由产生凄凉之情。不知高飞天外的鸿雁，为什么事情乐于远途跋涉，高飞天外呢？,徐祯卿（1479－1511）字昌谷，一字昌国，汉族，吴县（今江苏苏州）人，祖籍常熟梅李镇，后迁居吴县。明代文学家，被人称为“吴中诗冠”，是吴中四才子（亦称江南四大才子）之一。因“文章江左家家玉，烟月扬州树树花”之绝句而为人称誉。
重赠吴国宾,明代,边贡,汉江明月照归人，万里秋风一叶身。#休把客衣轻浣濯，此中犹有帝京尘。,N/A,边贡（1476～1532）字庭实，因家居华泉附近，自号华泉子，历城（今山东济南市）人。明代著名诗人、文学家。弘治九年（1496）丙辰科进士，官至太常丞。边贡以诗著称于弘治、正德年间，与李梦阳、何景明、徐祯卿并称“弘治四杰”。后来又加上康海、王九思、王廷相，合称为明代文学“前七子”。
竹枝词,明代,何景明,十二峰头秋草荒，冷烟寒月过瞿塘。#青枫江上孤舟客，不听猿啼亦断肠。,N/A,何景明（1483～1521）字仲默，号白坡，又号大复山人，信阳浉河区人。明弘治十五年(1502)进士，授中书舍人。正德初，宦官刘瑾擅权，何景明谢病归。刘瑾诛，官复原职。官至陕西提学副使。为“前七子”之一，与李梦阳并称文坛领袖。其诗取法汉唐，一些诗作颇有现实内容。有《大复集》。
出郊,明代,杨慎,高田如楼梯，平田如棋局。#白鹭忽飞来，点破秧针绿。,山坡上一级一级的畦田像楼梯，平原上整整齐齐的畦田像棋盘。白鹭忽然飞到水稻田上来，在一片绿色的秧苗上点上了白点。,杨慎（1488～1559）明代文学家，明代三大才子之首。字用修，号升庵，后因流放滇南，故自称博南山人、金马碧鸡老兵。杨廷和之子，汉族，四川新都（今成都市新都区）人，祖籍庐陵。正德六年状元，官翰林院修撰，豫修武宗实录。武宗微行出居庸关，上疏抗谏。世宗继位，任经筵讲官。嘉靖三年，因“大礼议”受廷杖，谪戍终老于云南永昌卫。终明一世记诵之博，著述之富，慎可推为第一。其诗虽不专主盛唐，仍有拟右倾向。贬谪以后，特多感愤。又能文、词及散曲，论古考证之作范围颇广。著作达百余种。后人辑为《升庵集》。
塞下曲,明代,谢榛,暝色满西山，将军猎骑还。#隔河见烽火，骄虏夜临关。,N/A,谢榛（1495～1575）明代布衣诗人。字茂秦，号四溟山人、脱屣山人，山东临清人。十六岁时作乐府商调，流传颇广，后折节读书，刻意为歌诗，以声律有闻于时。嘉靖间，挟诗卷游京师，与李攀龙、王世贞等结诗社，为“后七子”之一，倡导为诗摹拟盛唐，主张“选李杜十四家之最者，熟读之以夺神气，歌咏之以求声调，玩味之以裒精华。”后为李攀龙排斥，削名“七子”之外，客游诸藩王间，以布衣终其身。其诗以律句绝句见长，功力深厚，句响字稳，著有《四溟集》、《四溟诗话》。
塞上曲送元美,明代,李攀龙,白羽如霜出塞寒，胡烽不断接长安。#城头一片西山月，多少征人马上看。,元美手持插着白羽的军事文书，冒着霜冻的寒气出行塞外。东北边境的异族侵扰边关，那报警的狼烟在相连不断的烽火台上一个个燃起，直抵京城。元美出行之时，正当拂晓，城头上斜挂一弯西垂的冷月。天明以后，一场恶战又会在前线爆发。戍守边关的将士们人未卸衣，马未卸鞍，他们正焦急地翘首等待着京城的决策到来。,李攀龙（1514—1570）字于鳞，号沧溟，汉族，历城（今山东济南）人。明代著名文学家。继“前七子”之后，与谢榛、王世贞等倡导文学复古运动，为“后七子”的领袖人物，被尊为“宗工巨匠”。主盟文坛20余年，其影响及于清初。
就义诗,明代,杨继盛,浩气还太虚，丹心照千古。#生平未报国，留作忠魂补。,我本为浩然正气而生，仅为国而死，浩气当还于太空，虽我将死，但丹心可永存，可千秋万代照耀后世。生平早有报国心，却未能报国留下遗憾，留下忠魂作厉鬼仍要为国除害杀敌作补偿。,杨继盛（1516年－1555年）明代著名谏臣。字仲芳，号椒山，直隶容城（今河北容城县北河照村）人。嘉靖二十六年进士，官兵部员外郎。坐论马市，贬狄道典史。事白，入为户部员外，调兵部。疏劾严嵩而死，赠太常少卿，谥忠愍。后人以继盛故宅，改庙以奉，尊为城隍。著有《杨忠愍文集》。
题葡萄图,明代,徐渭,半生落魄已成翁，独立书斋啸晚风。#笔底明珠无处卖，闲抛闲掷野藤中。,N/A,徐渭（1521—1593），汉族，绍兴府山阴（今浙江绍兴）人。初字文清，后改字文长，号天池山人，或署田水月、田丹水，青藤老人、青藤道人、青藤居士、天池渔隐、金垒、金回山人、山阴布衣、白鹇山人、鹅鼻山侬等别号。中国明代文学家、书画家、军事家。民间也普遍流传他的故事传说，关于他年轻时如何聪明，后来如何捉弄官宦等。
马上作,明代,戚继光,南北驱驰报主情，江花边草笑平生。#一年三百六十日，多是横戈马上行。,驰聘疆场、转战南北是为了报答皇上对我的信任，南北江畔和北方边关的花草都笑我一生忙忙碌碌。一年三百六十日，我都是带着兵器骑着战马在疆场上度过的。,戚继光（1528年11月12日－1588年1月5日，即嘉靖七年闰十月初一－万历十五年十二月初八），字元敬，号南塘，晚号孟诸，卒谥武毅。汉族，山东登州人，祖籍安徽定远，生于山东济宁。明代著名抗倭将领、军事家。官至左都督、太子太保加少保。
今日歌,明代,文嘉,今日复今日，今日何其少！#今日又不为，此事何时了？#人生百年几今日，今日不为真可惜！#若言姑待明朝至，明朝又有明朝事。#为君聊赋今日诗，努力请从今日始。,N/A,文嘉（1501～1583），字休承，号文水，明湖广衡山人，系籍长州（今江苏苏州）。文徵明仲子。吴门派代表画家。初为乌程训导，后为和州学正。能诗，工书，小楷清劲，亦善行书。精于鉴别古书画，工石刻，为明一代之冠。画得徵明一体，善画山水，笔法清脆，颇近倪瓒，着色山水具幽澹之致，间仿王蒙皴染，亦颇秀润，兼作花卉。
枕石,明代,高攀龙,心同流水净，身与白云轻。#寂寂深山暮，微闻钟磬声。,N/A,高攀龙（1562年-1626年），字存之，又字云从，江苏无锡人，世称“景逸先生”。明朝政治家、思想家，东林党领袖，“东林八君子”之一。著有《高子遗书》12卷等。万历十七年（1589年）中进士。后遇父丧归家守孝。天启六年（1626年）三月，高攀龙不堪屈辱，投水自尽，时年六十四岁。崇祯初年（1628年），朝廷为高攀龙平反，赠太子太保、兵部尚书，谥“忠宪”。
感事,明代,袁宏道,湘山晴色远微微，尽日江头独醉归。#不见两关传露布，尚闻三殿未垂衣。#边筹自古无中下，朝论于今有是非。#日暮平沙秋草乱，一双白鸟避人飞。,N/A,袁宏道（1568～1610）明代文学家，字中郎，又字无学，号石公，又号六休。汉族，荆州公安（今属湖北公安）人。宏道在文学上反对“文必秦汉，诗必盛唐”的风气，提出“独抒性灵，不拘格套”的性灵说。与其兄袁宗道、弟袁中道并有才名，合称“公安三袁”。
江宿,明代,汤显祖,寂历秋江渔火稀，起看残月映林微。#波光水鸟惊犹宿，露冷流萤湿不飞。,深夜，寂寞的秋江上渔火疏稀，起来看到半轮残月的光辉，映照树林上也很暗微。水面闪动的波光，把水鸟惊醒后，它们又睡宿，冰凉的露水沾湿了萤火虫的翅膀，它们也不起飞。,汤显祖（1550—1616），中国明代戏曲家、文学家。字义仍，号海若、若士、清远道人。汉族，江西临川人。公元1583年（万历十一年）中进士，任太常寺博士、礼部主事，因弹劾申时行，降为徐闻典史，后调任浙江遂昌知县，又因不附权贵而免官，未再出仕。曾从罗汝芳读书，又受李贽思想的影响。在戏曲创作方面，反对拟古和拘泥于格律。作有传奇《牡丹亭》、《邯郸记》、《南柯记》、《紫钗记》，合称《玉茗堂四梦》，以《牡丹亭》最著名。在戏曲史上，和关汉卿、王实甫齐名，在中国乃至世界文学史上都有着重要的地位。
渡易水,明代,陈子龙,并刀昨夜匣中鸣，燕赵悲歌最不平；易水潺湲云草碧，可怜无处送荆卿！,昨天夜里，并刀在匣子发出愤懑、郁结的声音，燕赵这一带自古多义士，慷慨悲歌，意气难平。易水慢慢地流着，天青草绿，河山依旧，可惜到哪里再去找荆轲那样的壮士，来为他送行呢？,陈子龙（1608—1647）明末官员、文学家。初名介，字卧子、懋中、人中，号大樽、海士、轶符等。汉族，南直隶松江华亭（今上海松江）人。崇祯十年进士，曾任绍兴推官，论功擢兵科给事中，命甫下而明亡。清兵陷南京，他和太湖民众武装组织联络，开展抗清活动，事败后被捕，投水殉国。他是明末重要作家，诗歌成就较高，诗风或悲壮苍凉，充满民族气节；或典雅华丽；或合二种风格于一体。擅长七律、七言歌行、七绝，被公认为“明诗殿军”。陈子龙亦工词，为婉约词名家、云间词派盟主，被后代众多著名词评家誉为“明代第一词人”。
即事三首,明代,夏完淳,复楚情何极，亡秦气未平。#雄风清角劲，落日大旗明。#缟素酬家国，戈船决死生！#胡笳千古恨，一片月临城。#战苦难酬国，仇深敢忆家？#一身存汉腊，满目渺胡沙。#落月翻旗影，清霜冷剑花。#六军浑散尽，半夜起悲笳。#一旅同仇谊，三秋故主怀。#将星沉左辅，卿月隐中台。#东阁尘宾幕，西征愧赋才。#月明笳鼓切，今夜为谁哀。,N/A,夏完淳（1631～1647）原名复，字存古，号小隐、灵首（一作灵胥），乳名端哥，汉族，明松江府华亭县（现上海市松江）人，明末著名诗人，少年抗清英雄，民族英雄。夏允彝子。七岁能诗文。十四岁从父及陈子龙参加抗清活动。鲁王监国授中书舍人。事败被捕下狱，赋绝命诗，遗母与妻，临刑神色不变。著有《南冠草》、《续幸存录》等。
别云间,明代,夏完淳,三年羁旅客，今日又南冠。#无限山河泪，谁言天地宽！#已知泉路近，欲别故乡难。#毅魄归来日，灵旗空际看。,三年为抗清兵东走西飘荡，今天兵败被俘作囚入牢房。无限美好河山失陷伤痛泪，谁还敢说天庭宽阔地又广。已经知道黄泉之路相逼近，想到永别故乡实在心犯难。鬼雄魂魄等到归来那一日，灵旗下面要将故乡河山看。,夏完淳（1631～1647）原名复，字存古，号小隐、灵首（一作灵胥），乳名端哥，汉族，明松江府华亭县（现上海市松江）人，明末著名诗人，少年抗清英雄，民族英雄。夏允彝子。七岁能诗文。十四岁从父及陈子龙参加抗清活动。鲁王监国授中书舍人。事败被捕下狱，赋绝命诗，遗母与妻，临刑神色不变。著有《南冠草》、《续幸存录》等。
闯王,明代,佚名,朝求升，暮求合，近来贫汉难存活。#早早开门拜闯王，管教大小都欢悦。#杀牛羊，备酒浆，开了城门迎闯王，闯王来了不纳粮。#吃他娘，着她娘，吃着不够有闯王。#不当差，不纳粮，大家快活过一场。,N/A,N/A
阻雪,清代,吴伟业,关山虽胜路难堪，才上征鞍又解骖。#十丈黄尘千尺雪，可知俱不似江南。,N/A,吴伟业（1609～1672）字骏公，号梅村，别署鹿樵生、灌隐主人、大云道人，世居江苏昆山，祖父始迁江苏太仓，汉族，江苏太仓人，崇祯进士。明末清初著名诗人，与钱谦益、龚鼎孳并称“江左三大家”，又为娄东诗派开创者。长于七言歌行，初学“长庆体”，后自成新吟，后人称之为“梅村体”。
闻鹧鸪,清代,尤侗,鹧鸪声里夕阳西，陌上征人首尽低。#遍地关山行不得，为谁辛苦尽情啼？,N/A,尤侗（1618年－1704年）明末清初著名诗人、戏曲家，曾被顺治誉为“真才子”；康熙誉为“老名士”。字展成，一字同人，早年自号三中子，又号悔庵，晚号良斋、西堂老人、鹤栖老人、梅花道人等，苏州府长洲（今江苏省苏州市）人。于康熙十八年（1679）举博学鸿儒，授翰林院检讨，参与修《明史》，分撰列传300余篇、《艺文志》5卷，二十二年告老归家。四十二年康熙南巡，得晋官号为侍讲，享年八十七岁。侗天才富赡，诗多新警之思，杂以谐谑，每一篇出，传诵遍人口，著述颇丰，有《西堂全集》。
出居庸关,清代,朱彝尊,居庸关上子规啼，饮马流泉落日低。#雨雪自飞千嶂外，榆林只隔数峰西。,N/A,朱彝尊(1629～1709)，清代诗人、词人、学者、藏书家。字锡鬯，号竹垞，又号驱芳，晚号小长芦钓鱼师，又号金风亭长。汉族，秀水（今浙江嘉兴市）人。康熙十八年（1679）举博学鸿词科，除检讨。二十二年（1683）入直南书房。曾参加纂修《明史》。博通经史，诗与王士祯称南北两大宗。作词风格清丽，为浙西词派的创始者，与陈维崧并称朱陈。精于金石文史，购藏古籍图书不遗余力，为清初著名藏书家之一。
真州绝句,清代,王士祯,江干多是钓人居，柳陌菱塘一带疏。#好是日斜风定后，半江红树卖鲈鱼。,江边上居住的大部分是以捕鱼为生的人，在杨柳依依的路边和菱角飘香的塘堤上房屋稀稀疏疏的分布着。夕阳西下、微风习习的傍晚美不胜收，江边红枫树下大半都在叫卖鲈鱼。,王士祯（1634—1711），原名王士禛，字子真、贻上，号阮亭，又号渔洋山人，人称王渔洋，谥文简。新城（今山东桓台县）人，常自称济南人，清初杰出诗人、学者、文学家。博学好古，能鉴别书、画、鼎彝之属，精金石篆刻，诗为一代宗匠，与朱彝尊并称。书法高秀似晋人。康熙时继钱谦益而主盟诗坛。论诗创神韵说。早年诗作清丽澄淡，中年以后转为苍劲。擅长各体，尤工七绝。但未能摆脱明七子摹古馀习，时人诮之为“清秀李于麟”，然传其衣钵者不少。好为笔记，有《池北偶谈》、《古夫于亭杂录》、《香祖笔记》等，然辨驳议论多错愕、失当。
过湖北山家,清代,施闰章,路回临石岸，树老出墙根。#野水合诸涧，桃花成一村。#呼鸡过篱栅，行酒尽儿孙。#老矣吾将隐，前峰恰对门。,在回家的路上经过靠近石头的岸边，老树的枝头伸出墙外面。很多小小的流水汇合流淌在两山间，山村里面的桃花全部开了。小鸡们嬉闹着抢着过篱笆，儿孙们积极给爷爷添酒尽孝心。当我老了时候，我也要这样的归隐，恰好我加门前就有一座山峰。,施闰章（1619—1683），清初著名诗人。字尚白，一字屺云，号愚山，媲萝居士、蠖斋，晚号矩斋，后人也称施侍读，另有称施佛子。江南宣城（今安徽省宣城市宣州区）人，顺治六年进士，授刑部主事。十八年举博学鸿儒，授侍讲，预修《明史》，进侍读。文章醇雅，尤工于诗，与同邑高咏等唱和，时号“宣城体”，有“燕台七子”之称，与宋琬有“南施北宋”之名，位“清初六家”之列，处“海内八大家”之中，在清初文学史上享有盛名。著有《学馀堂文集》、《试院冰渊》等。
自湘东驿遵陆至芦溪,清代,查慎行,黄花古渡接芦溪，行过萍乡路渐低。#吠犬鸣鸡村远近，乳鹅新鸭岸东西。#丝缫细雨沾衣润，刀剪良苗出水齐。#犹与湖南风土近，春深无处不耕犁。,N/A,查慎行（1650～1727）清代诗人，当代著名作家金庸先祖。初名嗣琏，字夏重，号查田；后改名慎行，字悔余，号他山，赐号烟波钓徒，晚年居于初白庵，所以又称查初白。海宁袁花（今属浙江）人。康熙四十二年(1703)进士；特授翰林院编修，入直内廷。五十二年（1713），乞休归里，家居10余年。雍正四年（1726），因弟查嗣庭讪谤案，以家长失教获罪，被逮入京，次年放归，不久去世。查慎行诗学东坡、放翁，尝注苏诗。自朱彝尊去世后，为东南诗坛领袖。著有《他山诗钞》。
舟夜书所见,清代,查慎行,月黑见渔灯，孤光一点萤。#微微风簇浪，散作满河星。,漆黑之夜不见月亮，只见那渔船上的灯光，孤独的灯光在茫茫的夜色中，象萤火虫一样发出一点微亮。微风阵阵，河水泛起层层波浪，渔灯微光在水面上散开，河面好象撤落无数的星星。,查慎行（1650～1727）清代诗人，当代著名作家金庸先祖。初名嗣琏，字夏重，号查田；后改名慎行，字悔余，号他山，赐号烟波钓徒，晚年居于初白庵，所以又称查初白。海宁袁花（今属浙江）人。康熙四十二年(1703)进士；特授翰林院编修，入直内廷。五十二年（1713），乞休归里，家居10余年。雍正四年（1726），因弟查嗣庭讪谤案，以家长失教获罪，被逮入京，次年放归，不久去世。查慎行诗学东坡、放翁，尝注苏诗。自朱彝尊去世后，为东南诗坛领袖。著有《他山诗钞》。
过许州,清代,沈德潜,到处陂塘决决流，垂杨百里罨平畴。#行人便觉须眉绿，一路蝉声过许州。,池塘里流着清水，垂柳罨覆着平野。到处一片翠绿，满眼都是生机。使人觉得仿佛胡须眉毛都被染绿了，一路蝉声陪伴我走过许州。,沈德潜（1673～1769）字确士，号归愚，长洲（今江苏苏州）人，清代诗人。乾隆元年（1736）荐举博学鸿词科，乾隆四年（1739）成进士，曾任内阁学士兼礼部侍郎。为叶燮门人，论诗主格调，提倡温柔敦厚之诗教。其诗多歌功颂德之作，但少数篇章对民间疾苦有所反映。所著有《沈归愚诗文全集》。又选有《古诗源》、《唐诗别裁》、《明诗别裁》、《清诗别裁》等，流传颇广。
秣陵怀古,清代,纳兰性德,山色江声共寂寥，十三陵树晚萧萧。#中原事业如江左，芳草何须怨六朝。,山的景色同江水的声音都已寂寥，十三陵中树木在晚风中萧萧作响。中原的事业与江左政权一样腐朽，芳草何必为六朝的旧事而感伤呢？,纳兰性德（1655－1685），满洲人，字容若，号楞伽山人，清代最著名词人之一。其诗词“纳兰词”在清代以至整个中国词坛上都享有很高的声誉，在中国文学史上也占有光采夺目的一席。他生活于满汉融合时期，其贵族家庭兴衰具有关联于王朝国事的典型性。虽侍从帝王，却向往经历平淡。特殊的生活环境背景，加之个人的超逸才华，使其诗词创作呈现出独特的个性和鲜明的艺术风格。流传至今的《木兰花令&183;拟古决绝词》——“人生若只如初见，何事秋风悲画扇？等闲变却故人心，却道故人心易变。”富于意境，是其众多代表作之一。
萤火,清代,赵执信,和雨还穿户，经风忽过墙。#虽缘草成质，不借月为光。#解识幽人意，请今聊处囊。#君看落空阔，何异大星芒。,N/A,赵执信[shēn]（1662～1744）清代诗人、诗论家、书法家。字伸符，号秋谷，晚号饴山老人、知如老人。山东省淄博市博山人。十四岁中秀才，十七岁中举人，十八岁中进士，后任右春坊右赞善兼翰林院检讨。二十八岁因佟皇后丧葬期间观看洪升所作《长生殿》戏剧，被劾革职。此后五十年间，终身不仕，徜徉林壑。赵执信为王士祯甥婿，然论诗与其异趣，强调“文意为主，言语为役”。所作诗文深沉峭拔，亦不乏反映民生疾苦的篇目。
灵隐寺月夜,清代,厉鹗,夜寒香界白，涧曲寺门通。#月在众峰顶，泉流乱叶中。#一灯群动息，孤磬四天空。#归路畏逢虎，况闻岩下风。,N/A,厉鹗（1692-1752），字太鸿，又字雄飞，号樊榭、南湖花隐等，钱塘（今浙江杭州）人，清代文学家，浙西词派中坚人物。康熙五十九年举人，屡试进士不第。家贫，性孤峭。乾隆初举鸿博，报罢。性耽闻静，爱山水，尤工诗馀，擅南宋诸家之胜。著有《宋诗纪事》、《樊榭山房集》等。
竹石,清代,郑燮,咬定青山不放松，立根原在破岩中。#千磨万击还坚劲，任尔东西南北风。,竹子抓住青山一点也不放松，它的根牢牢地扎在岩石缝中。经历成千上万次的折磨和打击，它依然那么坚强，不管是酷暑的东南风，还是严冬的西北风，它都能经受得住，还会依然坚韧挺拔。,郑板桥（1693—1765）清代官吏、书画家、文学家。名燮，字克柔，汉族，江苏兴化人。一生主要客居扬州，以卖画为生。“扬州八怪”之一。其诗、书、画均旷世独立，，世称“三绝”，擅画兰、竹、石、松、菊等植物，其中画竹已五十余年，成就最为突出。著有《板桥全集》。康熙秀才、雍正举人、乾隆元年进士。中进士后曾历官河南范县、山东潍县知县，有惠政。以请臻饥民忤大吏，乞疾归。
山中雪后,清代,郑燮,晨起开门雪满山，雪晴云淡日光寒。#檐流未滴梅花冻，一种清孤不等闲。,清晨起来刚一开门，看到山头已被一场大雪覆盖。此时，天空已放晴，初升太阳的光芒，透过淡淡的白云，也变得寒冷了。房檐的积雪尚未开始融化，院落的梅花枝条仍被冰雪凝冻。这样一种清冷、孤寂的气氛，是多么不寻常啊！,郑板桥（1693—1765）清代官吏、书画家、文学家。名燮，字克柔，汉族，江苏兴化人。一生主要客居扬州，以卖画为生。“扬州八怪”之一。其诗、书、画均旷世独立，，世称“三绝”，擅画兰、竹、石、松、菊等植物，其中画竹已五十余年，成就最为突出。著有《板桥全集》。康熙秀才、雍正举人、乾隆元年进士。中进士后曾历官河南范县、山东潍县知县，有惠政。以请臻饥民忤大吏，乞疾归。
渔家·卖得鲜鱼二百钱,清代,郑燮,卖得鲜鱼二百钱，籴粮炊饭放归船。#拔来湿苇烧难着，晒在垂杨古岸边。,N/A,郑板桥（1693—1765）清代官吏、书画家、文学家。名燮，字克柔，汉族，江苏兴化人。一生主要客居扬州，以卖画为生。“扬州八怪”之一。其诗、书、画均旷世独立，，世称“三绝”，擅画兰、竹、石、松、菊等植物，其中画竹已五十余年，成就最为突出。著有《板桥全集》。康熙秀才、雍正举人、乾隆元年进士。中进士后曾历官河南范县、山东潍县知县，有惠政。以请臻饥民忤大吏，乞疾归。
偶然作,清代,屈复,百金买骏马，千金买美人；万金买高爵，何处买青春？,N/A,屈复（1668～1745）清代诗人。初名北雄，后改复，字见心，号晦翁，晚号逋翁、金粟老人，世称“关西夫子”。蒲城（今属陕西）县罕井镇人，后迁县城北关。19岁时童子试第一名。不久出游晋、豫、苏、浙各地，又历经闽、粤等处，并四至京师。乾隆元年(1736)曾被举博学鸿词科，不肯应试。72岁时尚在北京蒲城会馆撰书，终生未归故乡。著有《弱水集》等。
岁暮到家,清代,蒋士铨,爱子心无尽，归家喜及辰。#寒衣针线密，家信墨痕新。#见面怜清瘦，呼儿问苦辛。#低徊愧人子，不敢叹风尘。,爱子之心是没有穷尽的，最高兴的事莫过于游子及时归来。缝制寒衣的针脚密密麻麻地，家书里的字迹墨痕犹如新的一样。看见儿子瘦了母亲心疼，呼叫着我细问旅途的艰难。母亲啊，儿子已经愧对您了，不会忍心诉说漂泊在外所受的风尘。,蒋士铨（1725—1784）清代戏曲家，文学家。字心馀、苕生，号藏园，又号清容居士，晚号定甫。铅山（今属江西）人。乾隆二十二年进士，官翰林院编修。乾隆二十九年辞官后主持蕺山、崇文、安定三书院讲席。精通戏曲，工诗古文，与袁枚、赵翼合称江右三大家。士铨所著《忠雅堂诗集》存诗二千五百六十九首，存于稿本的未刊诗达数千首，其戏曲创作存《红雪楼九种曲》等四十九种。
马嵬,清代,袁枚,莫唱当年长恨歌，人间亦自有银河。#石壕村里夫妻别，泪比长生殿上多。,用不到去歌唱当年皇帝妃子的悲欢离合；在人间也有银河，使得千千万万人家夫妻离散。像石壕村那样的夫妻诀别数也数不清，老百姓的泪水比长生殿上洒的那点泪水多得多了。,袁枚（1716－1797）清代诗人、散文家。字子才，号简斋，晚年自号仓山居士、随园主人、随园老人。汉族，钱塘（今浙江杭州）人。乾隆四年进士，历任溧水、江宁等县知县，有政绩，四十岁即告归。在江宁小仓山下筑筑随园，吟咏其中。广收诗弟子，女弟子尤众。袁枚是乾嘉时期代表诗人之一，与赵翼、蒋士铨合称“乾隆三大家”。
夜过借园见主人坐月下吹笛,清代,袁枚,秋夜访秋士，先闻水上音。#半天凉月色，一笛酒人心。#响遏碧云近，香传红藕深。#相逢清露下，流影湿衣襟。,N/A,袁枚（1716－1797）清代诗人、散文家。字子才，号简斋，晚年自号仓山居士、随园主人、随园老人。汉族，钱塘（今浙江杭州）人。乾隆四年进士，历任溧水、江宁等县知县，有政绩，四十岁即告归。在江宁小仓山下筑筑随园，吟咏其中。广收诗弟子，女弟子尤众。袁枚是乾嘉时期代表诗人之一，与赵翼、蒋士铨合称“乾隆三大家”。
山行杂咏,清代,袁枚,十里崎岖半里平，一峰才送一峰迎。#青山似茧将人裹，不信前头有路行。,N/A,袁枚（1716－1797）清代诗人、散文家。字子才，号简斋，晚年自号仓山居士、随园主人、随园老人。汉族，钱塘（今浙江杭州）人。乾隆四年进士，历任溧水、江宁等县知县，有政绩，四十岁即告归。在江宁小仓山下筑筑随园，吟咏其中。广收诗弟子，女弟子尤众。袁枚是乾嘉时期代表诗人之一，与赵翼、蒋士铨合称“乾隆三大家”。
所见,清代,袁枚,牧童骑黄牛，歌声振林樾。#意欲捕鸣蝉，忽然闭口立。,牧童骑在黄牛背上，嘹亮的歌声在林中回荡。忽然想要捕捉树上鸣叫的知了，就马上停止唱歌，一声不响地站立在树旁。,袁枚（1716－1797）清代诗人、散文家。字子才，号简斋，晚年自号仓山居士、随园主人、随园老人。汉族，钱塘（今浙江杭州）人。乾隆四年进士，历任溧水、江宁等县知县，有政绩，四十岁即告归。在江宁小仓山下筑筑随园，吟咏其中。广收诗弟子，女弟子尤众。袁枚是乾嘉时期代表诗人之一，与赵翼、蒋士铨合称“乾隆三大家”。
遣兴,清代,袁枚,爱好由来下笔难，一诗千改始心安。#阿婆还似初笄女，头未梳成不许看。,N/A,袁枚（1716－1797）清代诗人、散文家。字子才，号简斋，晚年自号仓山居士、随园主人、随园老人。汉族，钱塘（今浙江杭州）人。乾隆四年进士，历任溧水、江宁等县知县，有政绩，四十岁即告归。在江宁小仓山下筑筑随园，吟咏其中。广收诗弟子，女弟子尤众。袁枚是乾嘉时期代表诗人之一，与赵翼、蒋士铨合称“乾隆三大家”。
富春至严陵山水甚佳,清代,纪昀,浓似春云淡似烟，参差绿到大江边。#斜阳流水推篷坐，翠色随人欲上船。,好似春天的云彩那样浓厚，又好似薄烟轻淡，绿树的长短影子映在江面上。夕阳斜下，不禁推开船篷坐下，富春江山水一片翠色似乎涌上了船头。,纪昀jǐy&250;n(1724年6月--1805年2月），字晓岚，一字春帆，晚号石云，道号观弈道人。历雍正、乾隆、嘉庆三朝，因其“敏而好学可为文，授之以政无不达”（嘉庆帝御赐碑文），故卒后谥号文达，乡里世称文达公。在文学作品、通俗评论中，常被称为纪晓岚。清乾隆年间的著名学者，政治人物，直隶献县（今中国河北献县）人。官至礼部尚书、协办大学士，曾任《四库全书》总纂修官。代表作品《阅微草堂笔记》。
论诗五首·其二,清代,赵翼,李杜诗篇万口传，至今已觉不新鲜。#江山代有才人出，各领风骚数百年。,李白和杜甫的诗篇曾经被成千上万的人传颂，现在读起来感觉已经没有什么新意了。国家代代都有很多有才情的人，他们的诗篇文章以及人气都会流传数百年（流芳百世）。,赵翼（1727年～1814年1月10日）清代文学家、史学家。字云崧，一字耘崧，号瓯北，又号裘萼，晚号三半老人，汉族，江苏阳湖（今江苏省常州市）人。乾隆二十六年进士。官至贵西兵备道。旋辞官，主讲安定书院。长于史学，考据精赅。论诗主“独创”，反摹拟。五、七言古诗中有些作品，嘲讽理学，隐寓对时政的不满之情，与袁枚、张问陶并称清代性灵派三大家。所著《廿二史札记》与王鸣盛《十七史商榷》、钱大昕《二十二史考异》合称清代三大史学名著。
山行·布谷飞飞劝早耕,清代,姚鼐,布谷飞飞劝早耕，舂锄扑扑趁春睛。#千层石树遥行路，一带山田放水声。,布谷飞来飞去的劝说人们早些耕种，白鹭趁着天晴在天上扑打着翅膀。在层层石树之间的路上行走，听得山里田园放水的声音。,姚鼐（n&224;i）（1731～1815）清代著名散文家，与方苞、刘大櫆并称为“桐城三祖”。字姬传，一字梦谷，室名惜抱轩（在今桐城中学内），世称惜抱先生、姚惜抱，安徽桐城人。乾隆二十八年（1763）中进士，任礼部主事、四库全书纂修官等，年才四十，辞官南归，先后主讲于扬州梅花、江南紫阳、南京钟山等地书院四十多年。著有《惜抱轩全集》等，曾编选《古文辞类纂》。
感旧四首,清代,黄景仁,大道青楼望不遮，年时系马醉流霞。#风前带是同心结，杯底人如解语花。#下杜城边南北路，上阑门外去来车。#匆匆觉得扬州梦，检点闲愁在鬓华。#唤起窗前尚宿酲，啼鹃催去又声声。#丹青旧誓相如札，禅榻经时杜牧情。#别后相思空一水，重来回首已三生。#云阶月地依然在，细逐空香百遍行。#遮莫临行念我频，竹枝留涴泪痕新。#多缘刺史无坚约，岂视萧郎作路人。#望里彩云疑冉冉，愁边春水故粼粼。#珊瑚百尺珠千斛，难换罗敷未嫁身。#从此音尘各悄然，春山如黛草如烟。#泪添吴苑三更雨，恨惹邮亭一夜眠。#讵有青马缄别句，聊将锦瑟记流年。#他时脱便微之过，百转千回只自怜。,N/A,黄景仁（1749～1783），清代诗人。字汉镛，一字仲则，号鹿菲子，阳湖（今江苏省常州市）人。四岁而孤，家境清贫，少年时即负诗名，为谋生计，曾四方奔波。一生怀才不遇，穷困潦倒，后授县丞，未及补官即在贫病交加中客死他乡，年仅35岁。诗负盛名，为“毗陵七子”之一。诗学李白，所作多抒发穷愁不遇、寂寞凄怆之情怀，也有愤世嫉俗的篇章。七言诗极有特色。亦能词。著有《两当轩全集》。
别老母,清代,黄景仁,搴帷拜母河梁去，白发愁看泪眼枯。#惨惨柴门风雪夜，此时有子不如无。,因为要去河梁谋生，所以把帷帐撩起，依依不舍要向年迈的母亲辞别，看到白发苍苍的老母不由泪下不停，眼泪也流干了。在这风雪之夜，不能在母亲身边尽孝却要掩柴门凄惨地远去，不禁令人兴叹：养子又有何用呢？倒不如没有啊。,黄景仁（1749～1783），清代诗人。字汉镛，一字仲则，号鹿菲子，阳湖（今江苏省常州市）人。四岁而孤，家境清贫，少年时即负诗名，为谋生计，曾四方奔波。一生怀才不遇，穷困潦倒，后授县丞，未及补官即在贫病交加中客死他乡，年仅35岁。诗负盛名，为“毗陵七子”之一。诗学李白，所作多抒发穷愁不遇、寂寞凄怆之情怀，也有愤世嫉俗的篇章。七言诗极有特色。亦能词。著有《两当轩全集》。
咏史,清代,龚自珍,金粉东南十五州，万重恩怨属名流。#牢盆狎客操全算，团扇才人踞上游。#避席畏闻文字狱，著书都为稻粱谋。#田横五百人安在，难道归来尽列侯？,在那繁华绮丽的江南富庶之地，无限的恩宠和肆意报怨齐集于名流士林。权贵、幕僚把持着全部大权，内宫佞臣窃据了朝廷要津。书生离席畏惧文字狱，著作只为谋食保安宁。田横壮士今在何处？难道都已封官拜爵、归顺大汉朝廷？,龚自珍（1792年8月22日～1841年9月26日）清代思想家、文学家及改良主义的先驱者。27岁中举人，38岁中进士。曾任内阁中书、宗人府主事和礼部主事等官职。主张革除弊政，抵制外国侵略，曾全力支持林则徐禁除鸦片。48岁辞官南归，次年暴卒于江苏丹阳云阳书院。他的诗文主张“更法”、“改图”，揭露清统治者的腐朽，洋溢着爱国热情，被柳亚子誉为“三百年来第一流”。著有《定庵文集》，留存文章300余篇，诗词近800首，今人辑为《龚自珍全集》。著名诗作《己亥杂诗》共315首。
己亥杂诗·其五,清代,龚自珍,浩荡离愁白日斜，吟鞭东指即天涯。#落红不是无情物，化作春泥更护花。,"浩浩荡荡的离别愁绪向着日落西斜的远处延伸,离开北京，马鞭向东一挥，感觉就是人在天涯一般。我辞官归乡，有如从枝头上掉下来的落花，但它却不是无情之物，化成了春天的泥土，还能起着培育下一代的作用。",龚自珍（1792年8月22日～1841年9月26日）清代思想家、文学家及改良主义的先驱者。27岁中举人，38岁中进士。曾任内阁中书、宗人府主事和礼部主事等官职。主张革除弊政，抵制外国侵略，曾全力支持林则徐禁除鸦片。48岁辞官南归，次年暴卒于江苏丹阳云阳书院。他的诗文主张“更法”、“改图”，揭露清统治者的腐朽，洋溢着爱国热情，被柳亚子誉为“三百年来第一流”。著有《定庵文集》，留存文章300余篇，诗词近800首，今人辑为《龚自珍全集》。著名诗作《己亥杂诗》共315首。
己亥杂诗·其二百二十,清代,龚自珍,九州生气恃风雷，万马齐喑究可哀。#我劝天公重抖擞，不拘一格降人才。,只有狂雷炸响般的巨大力量才能使中国大地发出勃勃生机，然而社会政局毫无生气终究是一种悲哀。我奉劝上天要重新振作精神，不要拘泥一定规格以降下更多的人才。,龚自珍（1792年8月22日～1841年9月26日）清代思想家、文学家及改良主义的先驱者。27岁中举人，38岁中进士。曾任内阁中书、宗人府主事和礼部主事等官职。主张革除弊政，抵制外国侵略，曾全力支持林则徐禁除鸦片。48岁辞官南归，次年暴卒于江苏丹阳云阳书院。他的诗文主张“更法”、“改图”，揭露清统治者的腐朽，洋溢着爱国热情，被柳亚子誉为“三百年来第一流”。著有《定庵文集》，留存文章300余篇，诗词近800首，今人辑为《龚自珍全集》。著名诗作《己亥杂诗》共315首。
村居,清代,高鼎,草长莺飞二月天，拂堤杨柳醉春烟。#儿童散学归来早，忙趁东风放纸鸢。,农历二月，村子前后的青草已经渐渐发芽生长，黄莺飞来飞去。杨柳披着长长的绿枝条，随风摆动，好像在轻轻地抚摸着堤岸。在水泽和草木间蒸发的水汽，如同烟雾般凝集着。杨柳似乎都陶醉在这浓丽的景色中。村里的孩子们放了学急忙跑回家，趁着东风把风筝放上蓝天。,高鼎，清代后期诗人。字象一，又字拙吾，仁和（今浙江省杭州市）人。高鼎生活在鸦片战争之后，大约在咸丰年间（1851～1861），其人无甚事迹，其诗也多不合那个时代，一般人提到他，只是因为他写了一首有名的有关放风筝的《村居》诗。著有《拙吾诗稿》。
画,唐代,王维,远看山有色，近听水无声。#春去花还在，人来鸟不惊。,远看高山色彩明亮，走近一听水却没有声音。春天过去，可是依旧有许多花草争奇斗艳，人走近，可是鸟却依然没有被惊动。,王维（701年－761年，一说699年—761年），字摩诘，汉族，河东蒲州（今山西运城）人，祖籍山西祁县，唐朝诗人，有“诗佛”之称。苏轼评价其：“味摩诘之诗，诗中有画；观摩诘之画，画中有诗。”开元九年（721年）中进士，任太乐丞。王维是盛唐诗人的代表，今存诗400余首，重要诗作有《相思》《山居秋暝》等。王维精通佛学，受禅宗影响很大。佛教有一部《维摩诘经》，是王维名和字的由来。王维诗书画都很有名，非常多才多艺，音乐也很精通。与孟浩然合称“王孟”。
春愁,清代,丘逢甲,春愁难遣强看山，往事惊心泪欲潸。#四百万人同一哭，去年今日割台湾。,春愁难以排遣，强打起精神眺望远山，往事让人触目惊心热泪将流。台湾的四百万同胞齐声大哭，去年的今天，就是祖国宝岛被割让的日子！,丘逢甲(1864年～1912年）近代诗人。字仙根，又字吉甫，号蛰庵、仲阏、华严子，别署海东遗民、南武山人、仓海君。辛亥革命后以仓海为名。祖籍嘉应镇平（今广东蕉岭）。同治三年（1864年）生于台湾彰化，光绪十四年（1887年）中举人，光绪十五年登进士（1889年），授任工部主事。但丘逢甲无意在京做官返回台湾，到台湾台中衡文书院担任主讲，后又于台湾的台南和嘉义教育新学。
狱中题壁,近现代,谭嗣同,望门投止思张俭，忍死须臾待杜根。#我自横刀向天笑，去留肝胆两昆仑。,逃亡生活是如此紧张，看到有人家就上门投宿，我希望出亡的康有为、梁启超能像张俭一样受到人们的保护。也希望战友们能如杜根一样忍死待机完成变法维新的大业。我横刀而出，仰天大笑，因为去者和留者肝胆相照、光明磊落，有如昆仑山一样的雄伟气魄。,谭嗣同（1865—1898），字复生，号壮飞，汉族，湖南浏阳人，是中国近代资产阶级著名的政治家、思想家，维新志士。他主张中国要强盛，只有发展民族工商业，学习西方资产阶级的政治制度。公开提出废科举、兴学校、开矿藏、修铁路、办工厂、改官制等变法维新的主张。写文章抨击清政府的卖国投降政策。1898年参加领导戊戌变法，失败后被杀，年仅三十三岁，为“戊戌六君子”之一。代表作品《仁学》、《寥天一阁文》、《莽苍苍斋诗》、《远遗堂集外文》等。
读陆放翁集,清代,梁启超,诗界千年靡靡风，兵魂销尽国魂空。#集中什九从军乐，亘古男儿一放翁。,N/A,梁启超（1873年～1929年），字卓如，一字任甫，号任公，又号饮冰室主人、饮冰子、哀时客、中国之新民、自由斋主人，汉族，广东新会人，清光绪举人，和其师康有为一起，倡导变法维新，并称“康梁”。是戊戌变法（百日维新）领袖之一、中国近代维新派代表人物，曾倡导文体改良的“诗界革命”和“小说界革命”。其著作合编为《饮冰室合集》。
对酒,清代,秋瑾,不惜千金买宝刀，貂裘换酒也堪豪。#一腔热血勤珍重，洒去犹能化碧涛。,不吝惜很多钱去买一把好刀，用貂皮大衣换酒也算得上豪迈，革命者要充分爱惜自己的生命，抛洒鲜血做出惊天动地的事业。,秋瑾（1875年11月8日－1907年7月15日），女，中国女权和女学思想的倡导者，近代民主革命志士。第一批为推翻满清政权和数千年封建统治而牺牲的革命先驱，为辛亥革命做出了巨大贡献；提倡女权女学，为妇女解放运动的发展起到了巨大的推动作用。1907年7月15日凌晨，秋瑾从容就义于绍兴轩亭口，年仅32岁。
狱中赠邹容,清代,章炳麟,邹容吾小弟，被发下瀛州。#快剪刀除辫，干牛肉作餱。#英雄一入狱，天地亦悲秋。#临命须掺手，乾坤只两头！,邹容我的小兄弟，小小年纪走东洋。快刀剪去猪尾巴，随身牛肉当干粮。英雄打进牢狱门，天地也为你悲伤。临死还要搀着手，生的伟大死荣光！,章太炎(1869.1.12－1936.6.14)，原名学乘，字枚叔，以纪念汉代辞赋家枚乘。后易名为炳麟。因反清意识浓厚，慕顾绛（顾炎武）的为人行事而改名为绛，号太炎。世人常称之为“太炎先生”。早年又号“膏兰室主人”、“刘子骏私淑弟子”等。中国浙江余杭人，清末民初思想家，史学家，朴学大师，国学大师，民族主义革命者。著名学者，研究范围涉及小学、历史、哲学、政治等等，著述甚丰。
行行重行行,两汉,佚名,行行重行行，与君生别离。#相去万余里，各在天一涯。#道路阻且长，会面安可知？#胡马依北风，越鸟巢南枝。#相去日已远，衣带日已缓。#浮云蔽白日，游子不顾返。#思君令人老，岁月忽已晚。#弃捐勿复道，努力加餐饭。,N/A,N/A
青青河畔草,两汉,佚名,青青河畔草，郁郁园中柳。#盈盈楼上女，皎皎当窗牖。#娥娥红粉妆，纤纤出素手。#昔为倡家女，今为荡子妇。#荡子行不归，空床难独守。,河边的草地草儿青绿一片，园中茂盛的柳树郁郁葱葱。站在绣楼上的那位女子体态盈盈，她靠着窗户容光照人好像皎皎的明月。她打扮得红装艳丽，伸出纤细白嫩的手指扶着窗儿向远方盼望她的亲人。从前她曾经是个青楼女子，她希望过上正常人的生活才成了游子的妻子。不想游子远行在外总是不回来，丢下她一个独守空房实在难以忍受寂寞。,N/A
青青陵上柏,两汉,佚名,青青陵上柏，磊磊涧中石。#人生天地间，忽如远行客。#斗酒相娱乐，聊厚不为薄。#驱车策驽马，游戏宛与洛。#洛中何郁郁，冠带自相索。#长衢罗夹巷，王侯多第宅。#两宫遥相望，双阙百余尺。#极宴娱心意，戚戚何所迫？,N/A,N/A
今日良宴会,两汉,佚名,今日良宴会，欢乐难具陈。#弹筝奋逸响，新声妙入神。#令德唱高言，识曲听其真。#齐心同所愿，含意俱未申。#人生寄一世，奄忽若飙尘。#何不策高足，先据要路津。#无为守穷贱，坎坷长苦辛。,今天这么好的宴会真是美极了，这种欢乐的场面简直说不完。这首筝曲的声调是多么地飘逸，这是最时髦的乐曲出神入化。有美德的人通过乐曲发表高论，知音者能体会出音乐的真意。音乐的真意是大家的共同心愿，只是谁都不愿意真诚说出来。人生像寄旅一样只有一世犹如尘土，刹那间便被那疾风吹散。为什么不想办法捷足先登，先高踞要位而安乐享富贵荣华呢？不要因贫贱而常忧愁失意，不要因不得志而辛苦地煎熬自己。,N/A
西北有高楼,两汉,佚名,西北有高楼，上与浮云齐。#交疏结绮窗，阿阁三重阶。#上有弦歌声，音响一何悲！#谁能为此曲，无乃杞梁妻。#清商随风发，中曲正徘徊。#一弹再三叹，慷慨有余哀。#不惜歌者苦，但伤知音稀。#愿为双鸿鹄，奋翅起高飞。,N/A,N/A
涉江采芙蓉,两汉,佚名,涉江采芙蓉，兰泽多芳草。#采之欲遗谁，所思在远道。#还顾望旧乡，长路漫浩浩。#同心而离居，忧伤以终老。,我踏过江水去采荷花，生有兰草的水泽中长满了香草。可是我采了荷花要送给谁呢?我想要送给远方的爱人。回头看那一起生活过的故乡，路途显得那么无边无际。两心相爱却不能在一起。于是我们要各在一方，愁苦忧伤以至终老异乡。,N/A
明月何皎皎,两汉,佚名,明月何皎皎，照我罗床帏。#忧愁不能寐，揽衣起徘徊。#客行虽云乐，不如早旋归。#出户独彷徨，愁思当告谁！#引领还入房，泪下沾裳衣。,明月如此皎洁光亮，照亮了我罗制的床帏。夜里忧愁得无法入睡，披衣而起在空屋内徘徊。客居在外虽然有趣，但是怎比得上早日回家呢。一个人出门忧愁彷徨，满心愁苦应该告诉谁呢？伸颈远望还是只能回到房间，眼泪沾湿了衣裳。,N/A
冉冉孤生竹,两汉,佚名,冉冉孤生竹，结根泰山阿。#与君为新婚，菟丝附女萝。#菟丝生有时，夫妇会有宜。#千里远结婚，悠悠隔山陂。#思君令人老，轩车来何迟！#伤彼蕙兰花，含英扬光辉。#过时而不采，将随秋草萎。#君亮执高节，贱妾亦何为！,N/A,N/A
庭中有奇树,两汉,佚名,庭中有奇树，绿叶发华滋。#攀条折其荣，将以遗所思。#馨香盈怀袖，路远莫致之。#此物何足贵，但感别经时。,庭院里一株佳美的树，满树绿叶衬托着茂密的花朵，显得格外春意盎然。我攀着树枝，摘下了最好看的一串花朵，想把它赠送给日夜思念的亲人。花香充满了我的衣服襟袖之间，可是天遥地远，没人能送到亲人的手中。并不是此花有什么珍贵，只是别离太久，想借着花儿表达怀念之情罢了。,N/A
迢迢牵牛星,两汉,佚名,迢迢牵牛星，皎皎河汉女。#纤纤擢素手，札札弄机杼。#终日不成章，泣涕零如雨。#河汉清且浅，相去复几许！#盈盈一水间，脉脉不得语。,那遥远而亮洁的牵牛星，那皎洁而遥远的织女星。织女正摆动柔长洁白的双手，织布机札札不停地响个不停。因为相思而整天也织不出什么花样，她哭泣的泪水零落如雨。只隔了道清清浅浅的银河，他俩相界离也没有多远。相隔在清清浅浅的银河两边，含情脉脉相视无言地痴痴凝望。,N/A
东城高且长,两汉,佚名,东城高且长，逶迤自相属。#回风动地起，秋草萋已绿。#四时更变化，岁暮一何速！#晨风怀苦心，蟋蟀伤局促。#荡涤放情志，何为自结束？#燕赵多佳人，美者颜如玉。#被服罗裳衣，当户理清曲。#音响一何悲！#弦急知柱促。#驰情整巾带，沉吟聊踯躅。#思为双飞燕，衔泥巢君屋。,N/A,N/A
驱车上东门,两汉,佚名,驱车上东门，遥望郭北墓。#白杨何萧萧，松柏夹广路。#下有陈死人，杳杳即长暮。#潜寐黄泉下，千载永不寤。#浩浩阴阳移，年命如朝露。#人生忽如寄，寿无金石固。#万岁更相送，贤圣莫能度。#服食求神仙，多为药所误。#不如饮美酒，被服纨与素。,车到洛阳城东门，遥望邙山累累坟。墓道萧萧白杨声，松柏夹路气阴森。墓里纵横久死人，如堕暗夜永不明。默默长卧黄泉下，千年万年永不醒。四时运行无停歇，命如朝露短时尽。人生匆促如寄宿，寿命怎有金石坚？自古生死相更替，圣贤难过生死关。服食丹药想成仙，常被丹药来欺骗。不如寻欢饮美酒，穿绸着锦乐眼前。,N/A
去者日以疏,两汉,佚名,去者日以疏，来者日以亲。#出郭门直视，但见丘与坟。#古墓犁为田，松柏摧为薪。#白杨多悲风，萧萧愁杀人。#思还故里闾，欲归道无因。,死去的人因岁月流逝而日渐疏远了啊，活着的人却会因离别愈久而更感亲切。走出城门，来到郊外，放眼望去啊，却只见遍地荒丘野坟。古墓被犁成了耕地啊，墓地中的松柏也被摧毁而成为柴薪。白杨树在秋风吹拂下发出悲凄的声响啊，那萧萧悲凄的声响使人愁煞。身逢乱世，羁旅天涯我想返回故乡啊，但心想回家却又找不到回家的路子！,N/A
生年不满百,两汉,佚名,生年不满百，常怀千岁忧。#昼短苦夜长，何不秉烛游！#为乐当及时，何能待来兹？#愚者爱惜费，但为後世嗤。#仙人王子乔，难可与等期。,一个人活在世上通常不满百岁，心中却老是记挂着千万年后的忧愁，这是何苦呢？既然老是埋怨白天是如此短暂，黑夜是如此漫长，那么何不拿着烛火，日夜不停地欢乐游玩呢？人生应当及时行乐才对啊！何必总要等到来年呢？整天不快乐的人，只想为子孙积攒财富的人，就显得格外愚蠢，不肖子孙也只会嗤笑祖先的不会享福！像王子乔那样成仙的人，恐怕难以再等到吧！,N/A
凛凛岁云暮,两汉,佚名,凛凛岁云暮，蝼蛄夕鸣悲。#凉风率已厉，游子寒无衣。#锦衾遗洛浦，同袍与我违。#独宿累长夜，梦想见容辉。#良人惟古欢，枉驾惠前绥。#愿得常巧笑，携手同车归。#既来不须臾，又不处重闱。#亮无晨风翼，焉能凌风飞？#眄睐以适意，引领遥相睎。#徙倚怀感伤，垂涕沾双扉。,N/A,N/A
孟冬寒气至,两汉,佚名,孟冬寒气至，北风何惨栗。#愁多知夜长，仰观众星列。#三五明月满，四五蟾兔缺。#客从远方来，遗我一书札。#上言长相思，下言久离别。#置书怀袖中，三岁字不灭。#一心抱区区，惧君不识察。,N/A,N/A
客从远方来,两汉,佚名,客从远方来，遗我一端绮。#相去万余里，故人心尚尔。#文采双鸳鸯，裁为合欢被。#著以长相思，缘以结不解。#以胶投漆中，谁能别离此？,客人风尘仆仆，从远方送来了一端织有文彩的素缎。它从万里之外的夫君处捎来，这丝丝缕缕，该包含着夫君对我的无尽关切和惦念之情！绮缎上面织有文彩的鸳鸯双栖，我要将它做条温暖的合欢被。床被内须充实以丝绵，被缘边要以丝缕缀。丝绵再长，终究有穷尽之时，缘结不解，终究有松散之日。唯有胶和漆，黏合固结，再难分离。那么，就让我与夫君像胶和漆一样投合、固结吧，看谁还能将我们分隔？,N/A
明月皎夜光,两汉,佚名,明月皎夜光，促织鸣东壁。#玉衡指孟冬，众星何历历。#白露沾野草，时节忽复易。#秋蝉鸣树间，玄鸟逝安适。#昔我同门友，高举振六翮。#不念携手好，弃我如遗迹。#南箕北有斗，牵牛不负轭。#良无盘石固，虚名复何益？,N/A,N/A